Entity,Code,Year,Death rate from protein-energy malnutrition among both sexes
Afghanistan,AFG,2000,6.04
Afghanistan,AFG,2001,5.49
Afghanistan,AFG,2002,5.41
Afghanistan,AFG,2003,5.99
Afghanistan,AFG,2004,5.66
Afghanistan,AFG,2005,5
Afghanistan,AFG,2006,4.32
Afghanistan,AFG,2007,4.31
Afghanistan,AFG,2008,4.03
Afghanistan,AFG,2009,3.59
Afghanistan,AFG,2010,3.5
Afghanistan,AFG,2011,3.1
Afghanistan,AFG,2012,2.77
Afghanistan,AFG,2013,2.64
Afghanistan,AFG,2014,2.36
Afghanistan,AFG,2015,2.12
Afghanistan,AFG,2016,1.96
Afghanistan,AFG,2017,1.76
Afghanistan,AFG,2018,1.58
Afghanistan,AFG,2019,1.55
Africa,,2000,17.91042
Africa,,2001,16.81779
Africa,,2002,15.78388
Africa,,2003,14.832952
Africa,,2004,14.012624
Africa,,2005,13.422571
Africa,,2006,13.104115
Africa,,2007,12.55292
Africa,,2008,11.920952
Africa,,2009,11.366129
Africa,,2010,11.205347
Africa,,2011,10.722787
Africa,,2012,10.075868
Africa,,2013,9.774205
Africa,,2014,9.307166
Africa,,2015,8.899125
Africa,,2016,8.535403
Africa,,2017,8.200586
Africa,,2018,7.674487
Africa,,2019,7.0900593
Albania,ALB,2000,0.39
Albania,ALB,2001,0.27
Albania,ALB,2002,0.22
Albania,ALB,2003,0.18
Albania,ALB,2004,0.14
Albania,ALB,2005,0.14
Albania,ALB,2006,0.13
Albania,ALB,2007,0.12
Albania,ALB,2008,0.11
Albania,ALB,2009,0.12
Albania,ALB,2010,0.11
Albania,ALB,2011,0.1
Albania,ALB,2012,0.09
Albania,ALB,2013,0.09
Albania,ALB,2014,0.08
Albania,ALB,2015,0.08
Albania,ALB,2016,0.08
Albania,ALB,2017,0.08
Albania,ALB,2018,0.09
Albania,ALB,2019,0.09
Algeria,DZA,2000,0.64
Algeria,DZA,2001,0.58
Algeria,DZA,2002,0.51
Algeria,DZA,2003,0.43
Algeria,DZA,2004,0.4
Algeria,DZA,2005,0.35
Algeria,DZA,2006,0.31
Algeria,DZA,2007,0.28
Algeria,DZA,2008,0.26
Algeria,DZA,2009,0.24
Algeria,DZA,2010,0.23
Algeria,DZA,2011,0.22
Algeria,DZA,2012,0.21
Algeria,DZA,2013,0.21
Algeria,DZA,2014,0.21
Algeria,DZA,2015,0.21
Algeria,DZA,2016,0.21
Algeria,DZA,2017,0.2
Algeria,DZA,2018,0.2
Algeria,DZA,2019,0.19
Angola,AGO,2000,43.06
Angola,AGO,2001,39.99
Angola,AGO,2002,37.35
Angola,AGO,2003,36.82
Angola,AGO,2004,36.11
Angola,AGO,2005,33.52
Angola,AGO,2006,31.84
Angola,AGO,2007,29.9
Angola,AGO,2008,27.67
Angola,AGO,2009,24.79
Angola,AGO,2010,23.53
Angola,AGO,2011,21.2
Angola,AGO,2012,19.86
Angola,AGO,2013,17.34
Angola,AGO,2014,15.14
Angola,AGO,2015,15.27
Angola,AGO,2016,13.79
Angola,AGO,2017,12.68
Angola,AGO,2018,11.47
Angola,AGO,2019,11.03
Antigua and Barbuda,ATG,2000,1.13
Antigua and Barbuda,ATG,2001,0.58
Antigua and Barbuda,ATG,2002,2.96
Antigua and Barbuda,ATG,2003,4.55
Antigua and Barbuda,ATG,2004,4.75
Antigua and Barbuda,ATG,2005,2.71
Antigua and Barbuda,ATG,2006,1.27
Antigua and Barbuda,ATG,2007,1.06
Antigua and Barbuda,ATG,2008,1.23
Antigua and Barbuda,ATG,2009,0.47
Antigua and Barbuda,ATG,2010,1.56
Antigua and Barbuda,ATG,2011,1.6
Antigua and Barbuda,ATG,2012,2.27
Antigua and Barbuda,ATG,2013,3.35
Antigua and Barbuda,ATG,2014,2.95
Antigua and Barbuda,ATG,2015,2.5
Antigua and Barbuda,ATG,2016,0.63
Antigua and Barbuda,ATG,2017,0.92
Antigua and Barbuda,ATG,2018,1.36
Antigua and Barbuda,ATG,2019,1.37
Argentina,ARG,2000,4.12
Argentina,ARG,2001,3.95
Argentina,ARG,2002,5.42
Argentina,ARG,2003,5.22
Argentina,ARG,2004,4.26
Argentina,ARG,2005,3.49
Argentina,ARG,2006,3.21
Argentina,ARG,2007,3.48
Argentina,ARG,2008,3.03
Argentina,ARG,2009,2.94
Argentina,ARG,2010,2.92
Argentina,ARG,2011,2.71
Argentina,ARG,2012,2.54
Argentina,ARG,2013,2.32
Argentina,ARG,2014,2.03
Argentina,ARG,2015,2.24
Argentina,ARG,2016,2.14
Argentina,ARG,2017,1.93
Argentina,ARG,2018,1.74
Argentina,ARG,2019,2.07
Armenia,ARM,2000,0.06
Armenia,ARM,2001,0.05
Armenia,ARM,2002,0.04
Armenia,ARM,2003,0.04
Armenia,ARM,2004,0.04
Armenia,ARM,2005,0.04
Armenia,ARM,2006,0
Armenia,ARM,2007,0.24
Armenia,ARM,2008,0
Armenia,ARM,2009,0.08
Armenia,ARM,2010,0
Armenia,ARM,2011,0
Armenia,ARM,2012,0.03
Armenia,ARM,2013,0
Armenia,ARM,2014,0.07
Armenia,ARM,2015,0.07
Armenia,ARM,2016,0.07
Armenia,ARM,2017,0.04
Armenia,ARM,2018,0
Armenia,ARM,2019,0.05
Asia,,2000,4.797221
Asia,,2001,4.4797707
Asia,,2002,4.245773
Asia,,2003,2.666814
Asia,,2004,2.4004557
Asia,,2005,2.2094495
Asia,,2006,2.075828
Asia,,2007,1.9795282
Asia,,2008,1.8947722
Asia,,2009,1.7814766
Asia,,2010,1.7212751
Asia,,2011,1.6659045
Asia,,2012,1.6524599
Asia,,2013,1.6168085
Asia,,2014,1.571079
Asia,,2015,1.5423003
Asia,,2016,1.5334098
Asia,,2017,1.5245557
Asia,,2018,1.4703242
Asia,,2019,1.4412254
Australia,AUS,2000,0.33
Australia,AUS,2001,0.4
Australia,AUS,2002,0.47
Australia,AUS,2003,0.42
Australia,AUS,2004,0.62
Australia,AUS,2005,0.38
Australia,AUS,2006,0.35
Australia,AUS,2007,0.3
Australia,AUS,2008,0.32
Australia,AUS,2009,0.31
Australia,AUS,2010,0.41
Australia,AUS,2011,0.29
Australia,AUS,2012,0.31
Australia,AUS,2013,0.31
Australia,AUS,2014,0.42
Australia,AUS,2015,0.41
Australia,AUS,2016,0.48
Australia,AUS,2017,0.44
Australia,AUS,2018,0.41
Australia,AUS,2019,0.46
Austria,AUT,2000,0
Austria,AUT,2001,0
Austria,AUT,2002,0
Austria,AUT,2003,0.01
Austria,AUT,2004,0.01
Austria,AUT,2005,0.03
Austria,AUT,2006,0.01
Austria,AUT,2007,0.02
Austria,AUT,2008,0
Austria,AUT,2009,0
Austria,AUT,2010,0.01
Austria,AUT,2011,0.01
Austria,AUT,2012,0
Austria,AUT,2013,0
Austria,AUT,2014,0.01
Austria,AUT,2015,0.01
Austria,AUT,2016,0.01
Austria,AUT,2017,0.12
Austria,AUT,2018,0.17
Austria,AUT,2019,0.79
Azerbaijan,AZE,2000,0.8
Azerbaijan,AZE,2001,0.64
Azerbaijan,AZE,2002,0.55
Azerbaijan,AZE,2003,0.47
Azerbaijan,AZE,2004,0.41
Azerbaijan,AZE,2005,0.37
Azerbaijan,AZE,2006,0.33
Azerbaijan,AZE,2007,0.29
Azerbaijan,AZE,2008,0.28
Azerbaijan,AZE,2009,0.26
Azerbaijan,AZE,2010,0.25
Azerbaijan,AZE,2011,0.25
Azerbaijan,AZE,2012,0.24
Azerbaijan,AZE,2013,0.23
Azerbaijan,AZE,2014,0.23
Azerbaijan,AZE,2015,0.22
Azerbaijan,AZE,2016,0.21
Azerbaijan,AZE,2017,0.21
Azerbaijan,AZE,2018,0.19
Azerbaijan,AZE,2019,0.18
Bahamas,BHS,2000,1.41
Bahamas,BHS,2001,1.52
Bahamas,BHS,2002,1.45
Bahamas,BHS,2003,1.52
Bahamas,BHS,2004,1.43
Bahamas,BHS,2005,1.24
Bahamas,BHS,2006,1.28
Bahamas,BHS,2007,1.34
Bahamas,BHS,2008,1.23
Bahamas,BHS,2009,1.13
Bahamas,BHS,2010,1.21
Bahamas,BHS,2011,1.12
Bahamas,BHS,2012,1.16
Bahamas,BHS,2013,0.97
Bahamas,BHS,2014,1.04
Bahamas,BHS,2015,0.98
Bahamas,BHS,2016,1.05
Bahamas,BHS,2017,1.05
Bahamas,BHS,2018,1.09
Bahamas,BHS,2019,1.09
Bahrain,BHR,2000,0.78
Bahrain,BHR,2001,0.75
Bahrain,BHR,2002,0.7
Bahrain,BHR,2003,0.69
Bahrain,BHR,2004,0.59
Bahrain,BHR,2005,0.51
Bahrain,BHR,2006,0.44
Bahrain,BHR,2007,0.43
Bahrain,BHR,2008,0.45
Bahrain,BHR,2009,0.48
Bahrain,BHR,2010,0.41
Bahrain,BHR,2011,0.38
Bahrain,BHR,2012,0.32
Bahrain,BHR,2013,0.27
Bahrain,BHR,2014,0.25
Bahrain,BHR,2015,0.24
Bahrain,BHR,2016,0.25
Bahrain,BHR,2017,0.26
Bahrain,BHR,2018,0.28
Bahrain,BHR,2019,0.28
Bangladesh,BGD,2000,11.42
Bangladesh,BGD,2001,10.21
Bangladesh,BGD,2002,9.02
Bangladesh,BGD,2003,7.84
Bangladesh,BGD,2004,6.32
Bangladesh,BGD,2005,5.65
Bangladesh,BGD,2006,5.15
Bangladesh,BGD,2007,5
Bangladesh,BGD,2008,4.37
Bangladesh,BGD,2009,3.95
Bangladesh,BGD,2010,3.48
Bangladesh,BGD,2011,2.95
Bangladesh,BGD,2012,2.68
Bangladesh,BGD,2013,2.39
Bangladesh,BGD,2014,2.17
Bangladesh,BGD,2015,2.12
Bangladesh,BGD,2016,2.04
Bangladesh,BGD,2017,1.81
Bangladesh,BGD,2018,1.66
Bangladesh,BGD,2019,1.48
Barbados,BRB,2000,2.32
Barbados,BRB,2001,1.98
Barbados,BRB,2002,1.38
Barbados,BRB,2003,1.05
Barbados,BRB,2004,0.63
Barbados,BRB,2005,0.55
Barbados,BRB,2006,0.4
Barbados,BRB,2007,0.75
Barbados,BRB,2008,1.04
Barbados,BRB,2009,1.64
Barbados,BRB,2010,1.85
Barbados,BRB,2011,1.4
Barbados,BRB,2012,0.51
Barbados,BRB,2013,0.04
Barbados,BRB,2014,0.63
Barbados,BRB,2015,0.67
Barbados,BRB,2016,0.68
Barbados,BRB,2017,0.69
Barbados,BRB,2018,0.68
Barbados,BRB,2019,0.69
Belarus,BLR,2000,0.35
Belarus,BLR,2001,0.34
Belarus,BLR,2002,0.3
Belarus,BLR,2003,0.27
Belarus,BLR,2004,0.28
Belarus,BLR,2005,0.28
Belarus,BLR,2006,0.27
Belarus,BLR,2007,0.25
Belarus,BLR,2008,0.24
Belarus,BLR,2009,0.25
Belarus,BLR,2010,0.26
Belarus,BLR,2011,0.28
Belarus,BLR,2012,0.26
Belarus,BLR,2013,0.28
Belarus,BLR,2014,0.28
Belarus,BLR,2015,0.25
Belarus,BLR,2016,0.25
Belarus,BLR,2017,0.24
Belarus,BLR,2018,0.24
Belarus,BLR,2019,0.23
Belgium,BEL,2000,1.31
Belgium,BEL,2001,1.24
Belgium,BEL,2002,1.34
Belgium,BEL,2003,1.33
Belgium,BEL,2004,1.27
Belgium,BEL,2005,1.38
Belgium,BEL,2006,1.18
Belgium,BEL,2007,1.29
Belgium,BEL,2008,1.35
Belgium,BEL,2009,1.43
Belgium,BEL,2010,1.75
Belgium,BEL,2011,2.04
Belgium,BEL,2012,2.11
Belgium,BEL,2013,2.15
Belgium,BEL,2014,2.27
Belgium,BEL,2015,2.6
Belgium,BEL,2016,1.79
Belgium,BEL,2017,2.44
Belgium,BEL,2018,2.5
Belgium,BEL,2019,2.53
Belize,BLZ,2000,4.65
Belize,BLZ,2001,3.91
Belize,BLZ,2002,4.27
Belize,BLZ,2003,3.86
Belize,BLZ,2004,3.97
Belize,BLZ,2005,3.26
Belize,BLZ,2006,3.16
Belize,BLZ,2007,4.13
Belize,BLZ,2008,3.96
Belize,BLZ,2009,3.98
Belize,BLZ,2010,2.68
Belize,BLZ,2011,2.31
Belize,BLZ,2012,2.07
Belize,BLZ,2013,2.01
Belize,BLZ,2014,2.15
Belize,BLZ,2015,2.31
Belize,BLZ,2016,2.35
Belize,BLZ,2017,2.43
Belize,BLZ,2018,2.43
Belize,BLZ,2019,2.51
Benin,BEN,2000,19.91
Benin,BEN,2001,16.61
Benin,BEN,2002,17.07
Benin,BEN,2003,15.68
Benin,BEN,2004,14.17
Benin,BEN,2005,12.65
Benin,BEN,2006,11.96
Benin,BEN,2007,11.28
Benin,BEN,2008,10.8
Benin,BEN,2009,10.69
Benin,BEN,2010,11.03
Benin,BEN,2011,11.34
Benin,BEN,2012,11.44
Benin,BEN,2013,11
Benin,BEN,2014,10.46
Benin,BEN,2015,10.12
Benin,BEN,2016,9.49
Benin,BEN,2017,8.98
Benin,BEN,2018,8.2
Benin,BEN,2019,7.86
Bhutan,BTN,2000,3.18
Bhutan,BTN,2001,2.69
Bhutan,BTN,2002,2.44
Bhutan,BTN,2003,2.15
Bhutan,BTN,2004,1.91
Bhutan,BTN,2005,1.68
Bhutan,BTN,2006,1.47
Bhutan,BTN,2007,1.35
Bhutan,BTN,2008,1.17
Bhutan,BTN,2009,1.05
Bhutan,BTN,2010,0.92
Bhutan,BTN,2011,0.83
Bhutan,BTN,2012,0.79
Bhutan,BTN,2013,0.73
Bhutan,BTN,2014,0.68
Bhutan,BTN,2015,0.63
Bhutan,BTN,2016,0.57
Bhutan,BTN,2017,0.53
Bhutan,BTN,2018,0.5
Bhutan,BTN,2019,0.45
Bolivia,BOL,2000,14.55
Bolivia,BOL,2001,13.78
Bolivia,BOL,2002,13
Bolivia,BOL,2003,12.22
Bolivia,BOL,2004,11.55
Bolivia,BOL,2005,10.87
Bolivia,BOL,2006,10.29
Bolivia,BOL,2007,10.13
Bolivia,BOL,2008,9.84
Bolivia,BOL,2009,9.51
Bolivia,BOL,2010,9.32
Bolivia,BOL,2011,9.18
Bolivia,BOL,2012,8.95
Bolivia,BOL,2013,8.85
Bolivia,BOL,2014,8.8
Bolivia,BOL,2015,8.74
Bolivia,BOL,2016,8.92
Bolivia,BOL,2017,8.85
Bolivia,BOL,2018,8.88
Bolivia,BOL,2019,8.96
Bosnia and Herzegovina,BIH,2000,0.02
Bosnia and Herzegovina,BIH,2001,0.02
Bosnia and Herzegovina,BIH,2002,0.03
Bosnia and Herzegovina,BIH,2003,0.04
Bosnia and Herzegovina,BIH,2004,0.05
Bosnia and Herzegovina,BIH,2005,0.05
Bosnia and Herzegovina,BIH,2006,0.06
Bosnia and Herzegovina,BIH,2007,0.07
Bosnia and Herzegovina,BIH,2008,0.07
Bosnia and Herzegovina,BIH,2009,0.07
Bosnia and Herzegovina,BIH,2010,0.07
Bosnia and Herzegovina,BIH,2011,0.08
Bosnia and Herzegovina,BIH,2012,0.07
Bosnia and Herzegovina,BIH,2013,0.07
Bosnia and Herzegovina,BIH,2014,0.07
Bosnia and Herzegovina,BIH,2015,0.07
Bosnia and Herzegovina,BIH,2016,0.07
Bosnia and Herzegovina,BIH,2017,0.07
Bosnia and Herzegovina,BIH,2018,0.07
Bosnia and Herzegovina,BIH,2019,0.08
Botswana,BWA,2000,8.88
Botswana,BWA,2001,9.25
Botswana,BWA,2002,9.26
Botswana,BWA,2003,8.77
Botswana,BWA,2004,9.11
Botswana,BWA,2005,9.02
Botswana,BWA,2006,8.07
Botswana,BWA,2007,8.09
Botswana,BWA,2008,7.67
Botswana,BWA,2009,6.96
Botswana,BWA,2010,6.59
Botswana,BWA,2011,6.85
Botswana,BWA,2012,6.81
Botswana,BWA,2013,7.11
Botswana,BWA,2014,7.54
Botswana,BWA,2015,7.96
Botswana,BWA,2016,8.21
Botswana,BWA,2017,8.28
Botswana,BWA,2018,8.12
Botswana,BWA,2019,7.42
Brazil,BRA,2000,6.31
Brazil,BRA,2001,6.19
Brazil,BRA,2002,5.64
Brazil,BRA,2003,5.67
Brazil,BRA,2004,5.27
Brazil,BRA,2005,4.75
Brazil,BRA,2006,4.39
Brazil,BRA,2007,4.27
Brazil,BRA,2008,3.91
Brazil,BRA,2009,3.9
Brazil,BRA,2010,3.91
Brazil,BRA,2011,3.82
Brazil,BRA,2012,3.61
Brazil,BRA,2013,3.77
Brazil,BRA,2014,3.45
Brazil,BRA,2015,3.37
Brazil,BRA,2016,3.27
Brazil,BRA,2017,3.01
Brazil,BRA,2018,2.9
Brazil,BRA,2019,3.17
Brunei,BRN,2000,0.1
Brunei,BRN,2001,0.08
Brunei,BRN,2002,0.08
Brunei,BRN,2003,0.05
Brunei,BRN,2004,0.03
Brunei,BRN,2005,0.09
Brunei,BRN,2006,0.1
Brunei,BRN,2007,0.1
Brunei,BRN,2008,0.08
Brunei,BRN,2009,0.08
Brunei,BRN,2010,0.1
Brunei,BRN,2011,0.17
Brunei,BRN,2012,0.11
Brunei,BRN,2013,0.11
Brunei,BRN,2014,0.11
Brunei,BRN,2015,0.11
Brunei,BRN,2016,0.1
Brunei,BRN,2017,0.1
Brunei,BRN,2018,0.19
Brunei,BRN,2019,0.31
Bulgaria,BGR,2000,0.11
Bulgaria,BGR,2001,0.08
Bulgaria,BGR,2002,0.09
Bulgaria,BGR,2003,0.09
Bulgaria,BGR,2004,0.08
Bulgaria,BGR,2005,0.09
Bulgaria,BGR,2006,0.06
Bulgaria,BGR,2007,0.13
Bulgaria,BGR,2008,0.16
Bulgaria,BGR,2009,0.09
Bulgaria,BGR,2010,0.1
Bulgaria,BGR,2011,0.07
Bulgaria,BGR,2012,0.08
Bulgaria,BGR,2013,0.04
Bulgaria,BGR,2014,0.04
Bulgaria,BGR,2015,0.01
Bulgaria,BGR,2016,0.02
Bulgaria,BGR,2017,0.03
Bulgaria,BGR,2018,0.01
Bulgaria,BGR,2019,0.02
Burkina Faso,BFA,2000,22.96
Burkina Faso,BFA,2001,22.95
Burkina Faso,BFA,2002,24.95
Burkina Faso,BFA,2003,23.99
Burkina Faso,BFA,2004,24.13
Burkina Faso,BFA,2005,24.32
Burkina Faso,BFA,2006,23.23
Burkina Faso,BFA,2007,20.75
Burkina Faso,BFA,2008,18.16
Burkina Faso,BFA,2009,15.22
Burkina Faso,BFA,2010,13.94
Burkina Faso,BFA,2011,13.88
Burkina Faso,BFA,2012,11.98
Burkina Faso,BFA,2013,15.3
Burkina Faso,BFA,2014,16.96
Burkina Faso,BFA,2015,17.51
Burkina Faso,BFA,2016,16.86
Burkina Faso,BFA,2017,16.13
Burkina Faso,BFA,2018,13.25
Burkina Faso,BFA,2019,14.13
Burundi,BDI,2000,41.39
Burundi,BDI,2001,39.99
Burundi,BDI,2002,40.69
Burundi,BDI,2003,41.04
Burundi,BDI,2004,41.07
Burundi,BDI,2005,40.47
Burundi,BDI,2006,40.86
Burundi,BDI,2007,38.85
Burundi,BDI,2008,37.08
Burundi,BDI,2009,35.49
Burundi,BDI,2010,34.3
Burundi,BDI,2011,32.95
Burundi,BDI,2012,33.22
Burundi,BDI,2013,31.53
Burundi,BDI,2014,29.48
Burundi,BDI,2015,27.24
Burundi,BDI,2016,25.92
Burundi,BDI,2017,24.42
Burundi,BDI,2018,22.9
Burundi,BDI,2019,21.74
Cambodia,KHM,2000,12.03
Cambodia,KHM,2001,10.71
Cambodia,KHM,2002,9.26
Cambodia,KHM,2003,7.86
Cambodia,KHM,2004,6.81
Cambodia,KHM,2005,5.98
Cambodia,KHM,2006,5.32
Cambodia,KHM,2007,4.73
Cambodia,KHM,2008,4.22
Cambodia,KHM,2009,3.76
Cambodia,KHM,2010,3.56
Cambodia,KHM,2011,3.36
Cambodia,KHM,2012,3.19
Cambodia,KHM,2013,3.03
Cambodia,KHM,2014,2.85
Cambodia,KHM,2015,2.8
Cambodia,KHM,2016,2.73
Cambodia,KHM,2017,2.65
Cambodia,KHM,2018,2.65
Cambodia,KHM,2019,2.59
Cameroon,CMR,2000,13.37
Cameroon,CMR,2001,11.06
Cameroon,CMR,2002,10.62
Cameroon,CMR,2003,9.54
Cameroon,CMR,2004,8.62
Cameroon,CMR,2005,8.18
Cameroon,CMR,2006,8.25
Cameroon,CMR,2007,8.28
Cameroon,CMR,2008,8.41
Cameroon,CMR,2009,8.5
Cameroon,CMR,2010,8.46
Cameroon,CMR,2011,8.17
Cameroon,CMR,2012,7.88
Cameroon,CMR,2013,7.42
Cameroon,CMR,2014,6.95
Cameroon,CMR,2015,6.28
Cameroon,CMR,2016,5.86
Cameroon,CMR,2017,5.46
Cameroon,CMR,2018,4.94
Cameroon,CMR,2019,4.7
Canada,CAN,2000,0.6
Canada,CAN,2001,0.58
Canada,CAN,2002,0.68
Canada,CAN,2003,0.63
Canada,CAN,2004,0.68
Canada,CAN,2005,0.66
Canada,CAN,2006,0.53
Canada,CAN,2007,0.62
Canada,CAN,2008,0.63
Canada,CAN,2009,0.55
Canada,CAN,2010,0.6
Canada,CAN,2011,0.64
Canada,CAN,2012,0.48
Canada,CAN,2013,0.47
Canada,CAN,2014,0.43
Canada,CAN,2015,0.54
Canada,CAN,2016,0.47
Canada,CAN,2017,0.56
Canada,CAN,2018,0.51
Canada,CAN,2019,0.51
Cape Verde,CPV,2000,2.25
Cape Verde,CPV,2001,2.07
Cape Verde,CPV,2002,1.93
Cape Verde,CPV,2003,1.8
Cape Verde,CPV,2004,1.7
Cape Verde,CPV,2005,1.6
Cape Verde,CPV,2006,1.5
Cape Verde,CPV,2007,1.48
Cape Verde,CPV,2008,1.41
Cape Verde,CPV,2009,1.33
Cape Verde,CPV,2010,1.35
Cape Verde,CPV,2011,1.51
Cape Verde,CPV,2012,1.55
Cape Verde,CPV,2013,1.51
Cape Verde,CPV,2014,1.53
Cape Verde,CPV,2015,1.46
Cape Verde,CPV,2016,1.45
Cape Verde,CPV,2017,1.42
Cape Verde,CPV,2018,1.5
Cape Verde,CPV,2019,1.42
Central African Republic,CAF,2000,19.95
Central African Republic,CAF,2001,19.92
Central African Republic,CAF,2002,20.18
Central African Republic,CAF,2003,20.41
Central African Republic,CAF,2004,19.46
Central African Republic,CAF,2005,19.1
Central African Republic,CAF,2006,20.11
Central African Republic,CAF,2007,19.88
Central African Republic,CAF,2008,19.58
Central African Republic,CAF,2009,20.37
Central African Republic,CAF,2010,19.94
Central African Republic,CAF,2011,19.58
Central African Republic,CAF,2012,19.94
Central African Republic,CAF,2013,18.81
Central African Republic,CAF,2014,19.08
Central African Republic,CAF,2015,18.6
Central African Republic,CAF,2016,17.64
Central African Republic,CAF,2017,17.12
Central African Republic,CAF,2018,16.05
Central African Republic,CAF,2019,14.56
Chad,TCD,2000,39.64
Chad,TCD,2001,31.58
Chad,TCD,2002,32.92
Chad,TCD,2003,29.3
Chad,TCD,2004,27.8
Chad,TCD,2005,27.87
Chad,TCD,2006,28.16
Chad,TCD,2007,26.51
Chad,TCD,2008,24.19
Chad,TCD,2009,23.13
Chad,TCD,2010,22.36
Chad,TCD,2011,20.59
Chad,TCD,2012,20.38
Chad,TCD,2013,20.75
Chad,TCD,2014,18.94
Chad,TCD,2015,18.28
Chad,TCD,2016,16.62
Chad,TCD,2017,16.13
Chad,TCD,2018,14.48
Chad,TCD,2019,13.52
Chile,CHL,2000,3.47
Chile,CHL,2001,2.83
Chile,CHL,2002,2.9
Chile,CHL,2003,3.35
Chile,CHL,2004,2.96
Chile,CHL,2005,3.45
Chile,CHL,2006,3.14
Chile,CHL,2007,3.57
Chile,CHL,2008,3.12
Chile,CHL,2009,3.23
Chile,CHL,2010,3.65
Chile,CHL,2011,3.42
Chile,CHL,2012,3.15
Chile,CHL,2013,3.03
Chile,CHL,2014,2.36
Chile,CHL,2015,2.65
Chile,CHL,2016,2.53
Chile,CHL,2017,2.18
Chile,CHL,2018,2.22
Chile,CHL,2019,2.21
China,CHN,2000,1.02
China,CHN,2001,0.94
China,CHN,2002,0.85
China,CHN,2003,0.75
China,CHN,2004,0.67
China,CHN,2005,0.61
China,CHN,2006,0.6
China,CHN,2007,0.58
China,CHN,2008,0.58
China,CHN,2009,0.59
China,CHN,2010,0.59
China,CHN,2011,0.64
China,CHN,2012,0.68
China,CHN,2013,0.71
China,CHN,2014,0.75
China,CHN,2015,0.77
China,CHN,2016,0.86
China,CHN,2017,0.91
China,CHN,2018,0.9
China,CHN,2019,0.9
Colombia,COL,2000,5.59
Colombia,COL,2001,5.94
Colombia,COL,2002,5.15
Colombia,COL,2003,5.38
Colombia,COL,2004,4.9
Colombia,COL,2005,4.8
Colombia,COL,2006,4.57
Colombia,COL,2007,3.88
Colombia,COL,2008,4.31
Colombia,COL,2009,3.86
Colombia,COL,2010,4.17
Colombia,COL,2011,3.82
Colombia,COL,2012,3.86
Colombia,COL,2013,3.69
Colombia,COL,2014,3.53
Colombia,COL,2015,3.59
Colombia,COL,2016,3.68
Colombia,COL,2017,3.42
Colombia,COL,2018,3.67
Colombia,COL,2019,3.73
Comoros,COM,2000,23.3
Comoros,COM,2001,22.68
Comoros,COM,2002,21.97
Comoros,COM,2003,21.42
Comoros,COM,2004,20.81
Comoros,COM,2005,19.69
Comoros,COM,2006,18.96
Comoros,COM,2007,17.83
Comoros,COM,2008,17.32
Comoros,COM,2009,16.24
Comoros,COM,2010,16.27
Comoros,COM,2011,15.6
Comoros,COM,2012,14.93
Comoros,COM,2013,14.09
Comoros,COM,2014,14.03
Comoros,COM,2015,13.27
Comoros,COM,2016,12.89
Comoros,COM,2017,12.46
Comoros,COM,2018,11.85
Comoros,COM,2019,11.27
Congo,COG,2000,14.49
Congo,COG,2001,12.74
Congo,COG,2002,11.18
Congo,COG,2003,11.68
Congo,COG,2004,11.68
Congo,COG,2005,12.05
Congo,COG,2006,11.33
Congo,COG,2007,10.73
Congo,COG,2008,10.27
Congo,COG,2009,10.01
Congo,COG,2010,8.99
Congo,COG,2011,8.59
Congo,COG,2012,8.49
Congo,COG,2013,8.33
Congo,COG,2014,7.74
Congo,COG,2015,5.76
Congo,COG,2016,5.93
Congo,COG,2017,5.36
Congo,COG,2018,5.28
Congo,COG,2019,5.05
Costa Rica,CRI,2000,0.48
Costa Rica,CRI,2001,0.32
Costa Rica,CRI,2002,0.47
Costa Rica,CRI,2003,0.44
Costa Rica,CRI,2004,0.44
Costa Rica,CRI,2005,0.42
Costa Rica,CRI,2006,0.83
Costa Rica,CRI,2007,0.54
Costa Rica,CRI,2008,0.49
Costa Rica,CRI,2009,0.72
Costa Rica,CRI,2010,0.83
Costa Rica,CRI,2011,0.63
Costa Rica,CRI,2012,0.7
Costa Rica,CRI,2013,0.65
Costa Rica,CRI,2014,0.44
Costa Rica,CRI,2015,0.56
Costa Rica,CRI,2016,0.48
Costa Rica,CRI,2017,0.31
Costa Rica,CRI,2018,0.54
Costa Rica,CRI,2019,0.73
Cote d'Ivoire,CIV,2000,7.85
Cote d'Ivoire,CIV,2001,6.81
Cote d'Ivoire,CIV,2002,6.05
Cote d'Ivoire,CIV,2003,5.82
Cote d'Ivoire,CIV,2004,5.48
Cote d'Ivoire,CIV,2005,5.72
Cote d'Ivoire,CIV,2006,5.94
Cote d'Ivoire,CIV,2007,5.87
Cote d'Ivoire,CIV,2008,5.52
Cote d'Ivoire,CIV,2009,5.5
Cote d'Ivoire,CIV,2010,5.4
Cote d'Ivoire,CIV,2011,5.38
Cote d'Ivoire,CIV,2012,5.41
Cote d'Ivoire,CIV,2013,5.35
Cote d'Ivoire,CIV,2014,5.18
Cote d'Ivoire,CIV,2015,5.33
Cote d'Ivoire,CIV,2016,5.05
Cote d'Ivoire,CIV,2017,4.79
Cote d'Ivoire,CIV,2018,4.37
Cote d'Ivoire,CIV,2019,4.21
Croatia,HRV,2000,0
Croatia,HRV,2001,0
Croatia,HRV,2002,0
Croatia,HRV,2003,0
Croatia,HRV,2004,0
Croatia,HRV,2005,0
Croatia,HRV,2006,0
Croatia,HRV,2007,0.05
Croatia,HRV,2008,0
Croatia,HRV,2009,0
Croatia,HRV,2010,0
Croatia,HRV,2011,0
Croatia,HRV,2012,0.03
Croatia,HRV,2013,0
Croatia,HRV,2014,0
Croatia,HRV,2015,0
Croatia,HRV,2016,0
Croatia,HRV,2017,0
Croatia,HRV,2018,0
Croatia,HRV,2019,0
Cuba,CUB,2000,0.51
Cuba,CUB,2001,0.33
Cuba,CUB,2002,0.33
Cuba,CUB,2003,0.33
Cuba,CUB,2004,0.49
Cuba,CUB,2005,0.38
Cuba,CUB,2006,0.35
Cuba,CUB,2007,0.33
Cuba,CUB,2008,0.3
Cuba,CUB,2009,0.36
Cuba,CUB,2010,0.34
Cuba,CUB,2011,0.46
Cuba,CUB,2012,0.42
Cuba,CUB,2013,0.42
Cuba,CUB,2014,0.37
Cuba,CUB,2015,0.4
Cuba,CUB,2016,0.53
Cuba,CUB,2017,0.49
Cuba,CUB,2018,0.53
Cuba,CUB,2019,0.56
Cyprus,CYP,2000,0.04
Cyprus,CYP,2001,0.04
Cyprus,CYP,2002,0.04
Cyprus,CYP,2003,0.04
Cyprus,CYP,2004,0
Cyprus,CYP,2005,0
Cyprus,CYP,2006,0.12
Cyprus,CYP,2007,0.11
Cyprus,CYP,2008,0.11
Cyprus,CYP,2009,0
Cyprus,CYP,2010,0.12
Cyprus,CYP,2011,0.23
Cyprus,CYP,2012,0.1
Cyprus,CYP,2013,0.43
Cyprus,CYP,2014,0
Cyprus,CYP,2015,0.3
Cyprus,CYP,2016,0.33
Cyprus,CYP,2017,0.09
Cyprus,CYP,2018,0
Cyprus,CYP,2019,0.13
Czechia,CZE,2000,0.11
Czechia,CZE,2001,0.03
Czechia,CZE,2002,0.07
Czechia,CZE,2003,0.04
Czechia,CZE,2004,0.1
Czechia,CZE,2005,0.09
Czechia,CZE,2006,0.08
Czechia,CZE,2007,0.36
Czechia,CZE,2008,0.53
Czechia,CZE,2009,0.46
Czechia,CZE,2010,0.49
Czechia,CZE,2011,0.76
Czechia,CZE,2012,1
Czechia,CZE,2013,1.34
Czechia,CZE,2014,1.35
Czechia,CZE,2015,2.14
Czechia,CZE,2016,2.01
Czechia,CZE,2017,2.29
Czechia,CZE,2018,2.65
Czechia,CZE,2019,2.79
Democratic Republic of Congo,COD,2000,21.08
Democratic Republic of Congo,COD,2001,20.16
Democratic Republic of Congo,COD,2002,18.16
Democratic Republic of Congo,COD,2003,17.75
Democratic Republic of Congo,COD,2004,15.75
Democratic Republic of Congo,COD,2005,16.61
Democratic Republic of Congo,COD,2006,17.11
Democratic Republic of Congo,COD,2007,16.92
Democratic Republic of Congo,COD,2008,17.2
Democratic Republic of Congo,COD,2009,18.76
Democratic Republic of Congo,COD,2010,19.07
Democratic Republic of Congo,COD,2011,18.96
Democratic Republic of Congo,COD,2012,19.06
Democratic Republic of Congo,COD,2013,18.43
Democratic Republic of Congo,COD,2014,18.04
Democratic Republic of Congo,COD,2015,16.31
Democratic Republic of Congo,COD,2016,13.53
Democratic Republic of Congo,COD,2017,13.92
Democratic Republic of Congo,COD,2018,12.91
Democratic Republic of Congo,COD,2019,10.27
Denmark,DNK,2000,0.96
Denmark,DNK,2001,0.64
Denmark,DNK,2002,1.39
Denmark,DNK,2003,1.06
Denmark,DNK,2004,1.39
Denmark,DNK,2005,0.86
Denmark,DNK,2006,0.89
Denmark,DNK,2007,0.59
Denmark,DNK,2008,0.27
Denmark,DNK,2009,0.43
Denmark,DNK,2010,0.32
Denmark,DNK,2011,0.31
Denmark,DNK,2012,0.1
Denmark,DNK,2013,0.37
Denmark,DNK,2014,0.14
Denmark,DNK,2015,0.22
Denmark,DNK,2016,0.3
Denmark,DNK,2017,0.13
Denmark,DNK,2018,0.27
Denmark,DNK,2019,0.24
Djibouti,DJI,2000,35.85
Djibouti,DJI,2001,34.61
Djibouti,DJI,2002,35.42
Djibouti,DJI,2003,33.72
Djibouti,DJI,2004,29.59
Djibouti,DJI,2005,27.41
Djibouti,DJI,2006,27.43
Djibouti,DJI,2007,27.93
Djibouti,DJI,2008,26.2
Djibouti,DJI,2009,26.15
Djibouti,DJI,2010,24.79
Djibouti,DJI,2011,24.99
Djibouti,DJI,2012,23.44
Djibouti,DJI,2013,23.34
Djibouti,DJI,2014,22.22
Djibouti,DJI,2015,21.78
Djibouti,DJI,2016,20.72
Djibouti,DJI,2017,19.37
Djibouti,DJI,2018,18.17
Djibouti,DJI,2019,17.41
Dominican Republic,DOM,2000,3.14
Dominican Republic,DOM,2001,2.88
Dominican Republic,DOM,2002,2.73
Dominican Republic,DOM,2003,2.74
Dominican Republic,DOM,2004,2.65
Dominican Republic,DOM,2005,2.58
Dominican Republic,DOM,2006,2.57
Dominican Republic,DOM,2007,2.51
Dominican Republic,DOM,2008,2.4
Dominican Republic,DOM,2009,2.38
Dominican Republic,DOM,2010,2.4
Dominican Republic,DOM,2011,2.42
Dominican Republic,DOM,2012,2.53
Dominican Republic,DOM,2013,2.76
Dominican Republic,DOM,2014,3.01
Dominican Republic,DOM,2015,3.22
Dominican Republic,DOM,2016,3.39
Dominican Republic,DOM,2017,3.44
Dominican Republic,DOM,2018,3.46
Dominican Republic,DOM,2019,3.47
East Timor,TLS,2000,20.64
East Timor,TLS,2001,19.57
East Timor,TLS,2002,17.73
East Timor,TLS,2003,16.46
East Timor,TLS,2004,14.09
East Timor,TLS,2005,12.36
East Timor,TLS,2006,10.72
East Timor,TLS,2007,9.13
East Timor,TLS,2008,7.93
East Timor,TLS,2009,7.83
East Timor,TLS,2010,6.87
East Timor,TLS,2011,6.59
East Timor,TLS,2012,5.99
East Timor,TLS,2013,5.61
East Timor,TLS,2014,5.22
East Timor,TLS,2015,4.76
East Timor,TLS,2016,4.69
East Timor,TLS,2017,4.38
East Timor,TLS,2018,4.43
East Timor,TLS,2019,4.32
Ecuador,ECU,2000,6.8
Ecuador,ECU,2001,6.41
Ecuador,ECU,2002,6.47
Ecuador,ECU,2003,6.29
Ecuador,ECU,2004,6.06
Ecuador,ECU,2005,5.8
Ecuador,ECU,2006,5.45
Ecuador,ECU,2007,4.99
Ecuador,ECU,2008,4.8
Ecuador,ECU,2009,4.32
Ecuador,ECU,2010,4.19
Ecuador,ECU,2011,3.99
Ecuador,ECU,2012,3.8
Ecuador,ECU,2013,3.53
Ecuador,ECU,2014,3.33
Ecuador,ECU,2015,3.36
Ecuador,ECU,2016,3.39
Ecuador,ECU,2017,3.4
Ecuador,ECU,2018,3.36
Ecuador,ECU,2019,3.32
Egypt,EGY,2000,2.19
Egypt,EGY,2001,1.97
Egypt,EGY,2002,1.77
Egypt,EGY,2003,1.63
Egypt,EGY,2004,1.46
Egypt,EGY,2005,1.36
Egypt,EGY,2006,1.25
Egypt,EGY,2007,1.18
Egypt,EGY,2008,1.15
Egypt,EGY,2009,1.1
Egypt,EGY,2010,1.05
Egypt,EGY,2011,1
Egypt,EGY,2012,0.99
Egypt,EGY,2013,0.88
Egypt,EGY,2014,0.92
Egypt,EGY,2015,0.92
Egypt,EGY,2016,0.86
Egypt,EGY,2017,0.8
Egypt,EGY,2018,0.78
Egypt,EGY,2019,0.76
El Salvador,SLV,2000,4.49
El Salvador,SLV,2001,4.44
El Salvador,SLV,2002,4.37
El Salvador,SLV,2003,4.03
El Salvador,SLV,2004,4.76
El Salvador,SLV,2005,4.45
El Salvador,SLV,2006,5.3
El Salvador,SLV,2007,5.47
El Salvador,SLV,2008,5.07
El Salvador,SLV,2009,5.32
El Salvador,SLV,2010,5.22
El Salvador,SLV,2011,4.59
El Salvador,SLV,2012,4.44
El Salvador,SLV,2013,3.72
El Salvador,SLV,2014,3.22
El Salvador,SLV,2015,2.71
El Salvador,SLV,2016,3.09
El Salvador,SLV,2017,3.24
El Salvador,SLV,2018,3.29
El Salvador,SLV,2019,3.32
Equatorial Guinea,GNQ,2000,16.58
Equatorial Guinea,GNQ,2001,13.91
Equatorial Guinea,GNQ,2002,11.65
Equatorial Guinea,GNQ,2003,10.08
Equatorial Guinea,GNQ,2004,8.69
Equatorial Guinea,GNQ,2005,7.84
Equatorial Guinea,GNQ,2006,8.24
Equatorial Guinea,GNQ,2007,7.51
Equatorial Guinea,GNQ,2008,6.71
Equatorial Guinea,GNQ,2009,6.07
Equatorial Guinea,GNQ,2010,6.17
Equatorial Guinea,GNQ,2011,5.77
Equatorial Guinea,GNQ,2012,5.32
Equatorial Guinea,GNQ,2013,5.02
Equatorial Guinea,GNQ,2014,4.83
Equatorial Guinea,GNQ,2015,4.61
Equatorial Guinea,GNQ,2016,4.06
Equatorial Guinea,GNQ,2017,4.16
Equatorial Guinea,GNQ,2018,3.86
Equatorial Guinea,GNQ,2019,3.55
Eritrea,ERI,2000,38.12
Eritrea,ERI,2001,34.58
Eritrea,ERI,2002,33.64
Eritrea,ERI,2003,30.41
Eritrea,ERI,2004,30.64
Eritrea,ERI,2005,28.75
Eritrea,ERI,2006,27.5
Eritrea,ERI,2007,27.02
Eritrea,ERI,2008,27.41
Eritrea,ERI,2009,26.48
Eritrea,ERI,2010,25.18
Eritrea,ERI,2011,24.61
Eritrea,ERI,2012,22.54
Eritrea,ERI,2013,22.06
Eritrea,ERI,2014,20.42
Eritrea,ERI,2015,19.28
Eritrea,ERI,2016,19.66
Eritrea,ERI,2017,17.6
Eritrea,ERI,2018,18.61
Eritrea,ERI,2019,18.86
Estonia,EST,2000,0.22
Estonia,EST,2001,0.28
Estonia,EST,2002,0.15
Estonia,EST,2003,0.23
Estonia,EST,2004,0.4
Estonia,EST,2005,0.08
Estonia,EST,2006,0.29
Estonia,EST,2007,0.24
Estonia,EST,2008,0.3
Estonia,EST,2009,0.08
Estonia,EST,2010,0.15
Estonia,EST,2011,0.39
Estonia,EST,2012,0.06
Estonia,EST,2013,0.08
Estonia,EST,2014,0
Estonia,EST,2015,0.08
Estonia,EST,2016,0
Estonia,EST,2017,0.18
Estonia,EST,2018,0.23
Estonia,EST,2019,0
Eswatini,SWZ,2000,12.93
Eswatini,SWZ,2001,13.18
Eswatini,SWZ,2002,13.63
Eswatini,SWZ,2003,13.93
Eswatini,SWZ,2004,13.95
Eswatini,SWZ,2005,13.94
Eswatini,SWZ,2006,12.94
Eswatini,SWZ,2007,13.61
Eswatini,SWZ,2008,13.52
Eswatini,SWZ,2009,13.42
Eswatini,SWZ,2010,12.66
Eswatini,SWZ,2011,11.73
Eswatini,SWZ,2012,11.63
Eswatini,SWZ,2013,11.18
Eswatini,SWZ,2014,11.07
Eswatini,SWZ,2015,11.15
Eswatini,SWZ,2016,10.9
Eswatini,SWZ,2017,10.11
Eswatini,SWZ,2018,9.59
Eswatini,SWZ,2019,9.21
Ethiopia,ETH,2000,40.67
Ethiopia,ETH,2001,38.77
Ethiopia,ETH,2002,34.06
Ethiopia,ETH,2003,30.68
Ethiopia,ETH,2004,27.26
Ethiopia,ETH,2005,25.11
Ethiopia,ETH,2006,22.6
Ethiopia,ETH,2007,21.24
Ethiopia,ETH,2008,17.95
Ethiopia,ETH,2009,15.22
Ethiopia,ETH,2010,14.35
Ethiopia,ETH,2011,13.77
Ethiopia,ETH,2012,12.31
Ethiopia,ETH,2013,11.09
Ethiopia,ETH,2014,9.61
Ethiopia,ETH,2015,8.72
Ethiopia,ETH,2016,9
Ethiopia,ETH,2017,8.95
Ethiopia,ETH,2018,8.4
Ethiopia,ETH,2019,7.72
Europe,,2000,0.59412915
Europe,,2001,0.5979271
Europe,,2002,0.61876476
Europe,,2003,0.67025375
Europe,,2004,0.6011047
Europe,,2005,0.6295378
Europe,,2006,0.5997754
Europe,,2007,0.6242549
Europe,,2008,0.645473
Europe,,2009,0.6625834
Europe,,2010,0.6812323
Europe,,2011,0.6853434
Europe,,2012,0.77733976
Europe,,2013,0.7886728
Europe,,2014,0.78370196
Europe,,2015,0.9200104
Europe,,2016,0.94327027
Europe,,2017,1.0192392
Europe,,2018,1.0438752
Europe,,2019,1.0488167
Fiji,FJI,2000,1.88
Fiji,FJI,2001,1.85
Fiji,FJI,2002,1.74
Fiji,FJI,2003,1.73
Fiji,FJI,2004,1.69
Fiji,FJI,2005,1.6
Fiji,FJI,2006,1.55
Fiji,FJI,2007,1.51
Fiji,FJI,2008,1.57
Fiji,FJI,2009,1.52
Fiji,FJI,2010,1.52
Fiji,FJI,2011,1.56
Fiji,FJI,2012,1.58
Fiji,FJI,2013,1.58
Fiji,FJI,2014,1.57
Fiji,FJI,2015,1.53
Fiji,FJI,2016,1.56
Fiji,FJI,2017,1.61
Fiji,FJI,2018,1.62
Fiji,FJI,2019,1.61
Finland,FIN,2000,0.04
Finland,FIN,2001,0.06
Finland,FIN,2002,0.06
Finland,FIN,2003,0.06
Finland,FIN,2004,0.04
Finland,FIN,2005,0.08
Finland,FIN,2006,0.04
Finland,FIN,2007,0.1
Finland,FIN,2008,0.06
Finland,FIN,2009,0.1
Finland,FIN,2010,0.04
Finland,FIN,2011,0.1
Finland,FIN,2012,0.06
Finland,FIN,2013,0.08
Finland,FIN,2014,0.02
Finland,FIN,2015,0.19
Finland,FIN,2016,0.11
Finland,FIN,2017,0.07
Finland,FIN,2018,0.17
Finland,FIN,2019,0.12
France,FRA,2000,4.63
France,FRA,2001,4.68
France,FRA,2002,4.66
France,FRA,2003,5.01
France,FRA,2004,4.32
France,FRA,2005,4.42
France,FRA,2006,4.09
France,FRA,2007,4.2
France,FRA,2008,4.64
France,FRA,2009,4.82
France,FRA,2010,4.94
France,FRA,2011,4.54
France,FRA,2012,5.35
France,FRA,2013,5.32
France,FRA,2014,5.09
France,FRA,2015,5.91
France,FRA,2016,6.04
France,FRA,2017,6.18
France,FRA,2018,6.34
France,FRA,2019,6.47
Gabon,GAB,2000,8.06
Gabon,GAB,2001,7.45
Gabon,GAB,2002,7.46
Gabon,GAB,2003,7.05
Gabon,GAB,2004,5.94
Gabon,GAB,2005,7.32
Gabon,GAB,2006,7.15
Gabon,GAB,2007,6.7
Gabon,GAB,2008,7.02
Gabon,GAB,2009,6.43
Gabon,GAB,2010,5.95
Gabon,GAB,2011,5.8
Gabon,GAB,2012,4.94
Gabon,GAB,2013,4.87
Gabon,GAB,2014,5.1
Gabon,GAB,2015,4.74
Gabon,GAB,2016,3.94
Gabon,GAB,2017,3.82
Gabon,GAB,2018,3.97
Gabon,GAB,2019,3.58
Gambia,GMB,2000,17
Gambia,GMB,2001,15.9
Gambia,GMB,2002,15.18
Gambia,GMB,2003,14.08
Gambia,GMB,2004,13.44
Gambia,GMB,2005,12.42
Gambia,GMB,2006,11.66
Gambia,GMB,2007,10.84
Gambia,GMB,2008,10.06
Gambia,GMB,2009,9.42
Gambia,GMB,2010,9.21
Gambia,GMB,2011,8.79
Gambia,GMB,2012,8.21
Gambia,GMB,2013,7.63
Gambia,GMB,2014,7.17
Gambia,GMB,2015,6.63
Gambia,GMB,2016,6.07
Gambia,GMB,2017,5.62
Gambia,GMB,2018,5.12
Gambia,GMB,2019,4.67
Georgia,GEO,2000,0.03
Georgia,GEO,2001,0.02
Georgia,GEO,2002,0.02
Georgia,GEO,2003,0.02
Georgia,GEO,2004,0.02
Georgia,GEO,2005,0.02
Georgia,GEO,2006,0.02
Georgia,GEO,2007,0.02
Georgia,GEO,2008,0.03
Georgia,GEO,2009,0.03
Georgia,GEO,2010,0.05
Georgia,GEO,2011,0.07
Georgia,GEO,2012,0.11
Georgia,GEO,2013,0.13
Georgia,GEO,2014,0.16
Georgia,GEO,2015,0.17
Georgia,GEO,2016,0.15
Georgia,GEO,2017,0.13
Georgia,GEO,2018,0.12
Georgia,GEO,2019,0.12
Germany,DEU,2000,0.09
Germany,DEU,2001,0.11
Germany,DEU,2002,0.1
Germany,DEU,2003,0.13
Germany,DEU,2004,0.18
Germany,DEU,2005,0.25
Germany,DEU,2006,0.24
Germany,DEU,2007,0.25
Germany,DEU,2008,0.24
Germany,DEU,2009,0.22
Germany,DEU,2010,0.29
Germany,DEU,2011,0.28
Germany,DEU,2012,0.26
Germany,DEU,2013,0.34
Germany,DEU,2014,0.34
Germany,DEU,2015,0.56
Germany,DEU,2016,0.52
Germany,DEU,2017,0.76
Germany,DEU,2018,0.81
Germany,DEU,2019,0.54
Ghana,GHA,2000,12.59
Ghana,GHA,2001,13.18
Ghana,GHA,2002,13.23
Ghana,GHA,2003,14.02
Ghana,GHA,2004,13.56
Ghana,GHA,2005,13.1
Ghana,GHA,2006,12.73
Ghana,GHA,2007,12.33
Ghana,GHA,2008,11.42
Ghana,GHA,2009,10.48
Ghana,GHA,2010,9.58
Ghana,GHA,2011,9.03
Ghana,GHA,2012,8.62
Ghana,GHA,2013,8.46
Ghana,GHA,2014,8.12
Ghana,GHA,2015,7.57
Ghana,GHA,2016,7.3
Ghana,GHA,2017,6.88
Ghana,GHA,2018,6.39
Ghana,GHA,2019,6.15
Greece,GRC,2000,0
Greece,GRC,2001,0
Greece,GRC,2002,0
Greece,GRC,2003,0
Greece,GRC,2004,0
Greece,GRC,2005,0
Greece,GRC,2006,0
Greece,GRC,2007,0
Greece,GRC,2008,0
Greece,GRC,2009,0
Greece,GRC,2010,0
Greece,GRC,2011,0
Greece,GRC,2012,0
Greece,GRC,2013,0
Greece,GRC,2014,0.01
Greece,GRC,2015,0.02
Greece,GRC,2016,0
Greece,GRC,2017,0
Greece,GRC,2018,0.01
Greece,GRC,2019,0.01
Grenada,GRD,2000,2.36
Grenada,GRD,2001,2.66
Grenada,GRD,2002,2.61
Grenada,GRD,2003,2.07
Grenada,GRD,2004,2.23
Grenada,GRD,2005,2.04
Grenada,GRD,2006,2.43
Grenada,GRD,2007,1.4
Grenada,GRD,2008,1.35
Grenada,GRD,2009,2.33
Grenada,GRD,2010,2.99
Grenada,GRD,2011,2.6
Grenada,GRD,2012,1.99
Grenada,GRD,2013,1.65
Grenada,GRD,2014,3.29
Grenada,GRD,2015,4.46
Grenada,GRD,2016,5.23
Grenada,GRD,2017,3.61
Grenada,GRD,2018,1.57
Grenada,GRD,2019,3.2
Guatemala,GTM,2000,32.42
Guatemala,GTM,2001,34.66
Guatemala,GTM,2002,30.36
Guatemala,GTM,2003,29.14
Guatemala,GTM,2004,28.25
Guatemala,GTM,2005,28.88
Guatemala,GTM,2006,27.32
Guatemala,GTM,2007,24.68
Guatemala,GTM,2008,22.81
Guatemala,GTM,2009,20.92
Guatemala,GTM,2010,18.81
Guatemala,GTM,2011,16.93
Guatemala,GTM,2012,15.27
Guatemala,GTM,2013,13.99
Guatemala,GTM,2014,12.77
Guatemala,GTM,2015,11.78
Guatemala,GTM,2016,11.15
Guatemala,GTM,2017,10.72
Guatemala,GTM,2018,11.18
Guatemala,GTM,2019,11.25
Guinea,GIN,2000,18.41
Guinea,GIN,2001,16.64
Guinea,GIN,2002,18.35
Guinea,GIN,2003,17.45
Guinea,GIN,2004,17.69
Guinea,GIN,2005,16.15
Guinea,GIN,2006,15.63
Guinea,GIN,2007,15.21
Guinea,GIN,2008,13.98
Guinea,GIN,2009,13.32
Guinea,GIN,2010,13.12
Guinea,GIN,2011,12.72
Guinea,GIN,2012,12.37
Guinea,GIN,2013,12.61
Guinea,GIN,2014,12.01
Guinea,GIN,2015,12.28
Guinea,GIN,2016,11.64
Guinea,GIN,2017,10.92
Guinea,GIN,2018,10.53
Guinea,GIN,2019,8.06
Guinea-Bissau,GNB,2000,18.64
Guinea-Bissau,GNB,2001,18.37
Guinea-Bissau,GNB,2002,16.02
Guinea-Bissau,GNB,2003,10.93
Guinea-Bissau,GNB,2004,10.98
Guinea-Bissau,GNB,2005,13.48
Guinea-Bissau,GNB,2006,13.2
Guinea-Bissau,GNB,2007,12.85
Guinea-Bissau,GNB,2008,12.25
Guinea-Bissau,GNB,2009,11.77
Guinea-Bissau,GNB,2010,11.22
Guinea-Bissau,GNB,2011,10.56
Guinea-Bissau,GNB,2012,9.84
Guinea-Bissau,GNB,2013,9.45
Guinea-Bissau,GNB,2014,8.79
Guinea-Bissau,GNB,2015,7.23
Guinea-Bissau,GNB,2016,7.98
Guinea-Bissau,GNB,2017,7.25
Guinea-Bissau,GNB,2018,6.87
Guinea-Bissau,GNB,2019,6.3
Guyana,GUY,2000,9.18
Guyana,GUY,2001,8.78
Guyana,GUY,2002,7.94
Guyana,GUY,2003,7.91
Guyana,GUY,2004,6.89
Guyana,GUY,2005,8.24
Guyana,GUY,2006,6.58
Guyana,GUY,2007,7.61
Guyana,GUY,2008,7.12
Guyana,GUY,2009,6.3
Guyana,GUY,2010,5.81
Guyana,GUY,2011,6.56
Guyana,GUY,2012,4.54
Guyana,GUY,2013,4.31
Guyana,GUY,2014,5.37
Guyana,GUY,2015,4.78
Guyana,GUY,2016,4.83
Guyana,GUY,2017,4.77
Guyana,GUY,2018,4.73
Guyana,GUY,2019,4.77
Haiti,HTI,2000,11.62
Haiti,HTI,2001,10.98
Haiti,HTI,2002,10.54
Haiti,HTI,2003,10.06
Haiti,HTI,2004,9.52
Haiti,HTI,2005,9.34
Haiti,HTI,2006,9.05
Haiti,HTI,2007,8.75
Haiti,HTI,2008,8.38
Haiti,HTI,2009,8.06
Haiti,HTI,2010,8.97
Haiti,HTI,2011,7.4
Haiti,HTI,2012,7.45
Haiti,HTI,2013,7.44
Haiti,HTI,2014,7.41
Haiti,HTI,2015,7.21
Haiti,HTI,2016,7.07
Haiti,HTI,2017,6.75
Haiti,HTI,2018,6.47
Haiti,HTI,2019,6.34
Honduras,HND,2000,6.12
Honduras,HND,2001,5.31
Honduras,HND,2002,4.62
Honduras,HND,2003,4.1
Honduras,HND,2004,3.61
Honduras,HND,2005,3.27
Honduras,HND,2006,3.04
Honduras,HND,2007,2.8
Honduras,HND,2008,2.53
Honduras,HND,2009,2.36
Honduras,HND,2010,2.15
Honduras,HND,2011,2.14
Honduras,HND,2012,2.3
Honduras,HND,2013,2.21
Honduras,HND,2014,2.21
Honduras,HND,2015,2.21
Honduras,HND,2016,1.95
Honduras,HND,2017,1.97
Honduras,HND,2018,1.91
Honduras,HND,2019,1.86
Hungary,HUN,2000,0.08
Hungary,HUN,2001,0.07
Hungary,HUN,2002,0.08
Hungary,HUN,2003,0.02
Hungary,HUN,2004,0.04
Hungary,HUN,2005,0.16
Hungary,HUN,2006,0.14
Hungary,HUN,2007,0.16
Hungary,HUN,2008,0.23
Hungary,HUN,2009,0.13
Hungary,HUN,2010,0.16
Hungary,HUN,2011,0.18
Hungary,HUN,2012,0.27
Hungary,HUN,2013,0.16
Hungary,HUN,2014,0.16
Hungary,HUN,2015,0.14
Hungary,HUN,2016,0.11
Hungary,HUN,2017,0.15
Hungary,HUN,2018,0.1
Hungary,HUN,2019,0.22
Iceland,ISL,2000,0.36
Iceland,ISL,2001,0.25
Iceland,ISL,2002,0.24
Iceland,ISL,2003,0.35
Iceland,ISL,2004,0.35
Iceland,ISL,2005,0.7
Iceland,ISL,2006,0.79
Iceland,ISL,2007,0.89
Iceland,ISL,2008,0.66
Iceland,ISL,2009,0.32
Iceland,ISL,2010,0.21
Iceland,ISL,2011,0.11
Iceland,ISL,2012,0.21
Iceland,ISL,2013,0.21
Iceland,ISL,2014,0.41
Iceland,ISL,2015,0.82
Iceland,ISL,2016,1
Iceland,ISL,2017,0.9
Iceland,ISL,2018,0.41
Iceland,ISL,2019,0.16
India,IND,2000,6.12
India,IND,2001,5.3
India,IND,2002,4.71
India,IND,2003,4
India,IND,2004,3.41
India,IND,2005,3.02
India,IND,2006,2.71
India,IND,2007,2.47
India,IND,2008,2.2
India,IND,2009,1.89
India,IND,2010,1.76
India,IND,2011,1.57
India,IND,2012,1.46
India,IND,2013,1.29
India,IND,2014,1.08
India,IND,2015,0.97
India,IND,2016,0.85
India,IND,2017,0.74
India,IND,2018,0.68
India,IND,2019,0.63
Indonesia,IDN,2000,6.66
Indonesia,IDN,2001,6.77
Indonesia,IDN,2002,6.83
Indonesia,IDN,2003,6.75
Indonesia,IDN,2004,6.75
Indonesia,IDN,2005,6.42
Indonesia,IDN,2006,6.38
Indonesia,IDN,2007,6.43
Indonesia,IDN,2008,6.69
Indonesia,IDN,2009,6.79
Indonesia,IDN,2010,6.95
Indonesia,IDN,2011,7.24
Indonesia,IDN,2012,7.42
Indonesia,IDN,2013,7.53
Indonesia,IDN,2014,7.68
Indonesia,IDN,2015,7.67
Indonesia,IDN,2016,7.6
Indonesia,IDN,2017,7.61
Indonesia,IDN,2018,7.5
Indonesia,IDN,2019,7.37
Iran,IRN,2000,0.48
Iran,IRN,2001,0.44
Iran,IRN,2002,0.39
Iran,IRN,2003,0.35
Iran,IRN,2004,0.32
Iran,IRN,2005,0.3
Iran,IRN,2006,0.28
Iran,IRN,2007,0.28
Iran,IRN,2008,0.27
Iran,IRN,2009,0.25
Iran,IRN,2010,0.24
Iran,IRN,2011,0.23
Iran,IRN,2012,0.22
Iran,IRN,2013,0.21
Iran,IRN,2014,0.21
Iran,IRN,2015,0.2
Iran,IRN,2016,0.2
Iran,IRN,2017,0.2
Iran,IRN,2018,0.19
Iran,IRN,2019,0.19
Iraq,IRQ,2000,1.04
Iraq,IRQ,2001,0.92
Iraq,IRQ,2002,0.81
Iraq,IRQ,2003,0.88
Iraq,IRQ,2004,0.75
Iraq,IRQ,2005,0.75
Iraq,IRQ,2006,0.74
Iraq,IRQ,2007,0.6
Iraq,IRQ,2008,0.57
Iraq,IRQ,2009,0.52
Iraq,IRQ,2010,0.5
Iraq,IRQ,2011,0.48
Iraq,IRQ,2012,0.45
Iraq,IRQ,2013,0.41
Iraq,IRQ,2014,0.33
Iraq,IRQ,2015,0.3
Iraq,IRQ,2016,0.27
Iraq,IRQ,2017,0.25
Iraq,IRQ,2018,0.25
Iraq,IRQ,2019,0.23
Ireland,IRL,2000,0.31
Ireland,IRL,2001,0.3
Ireland,IRL,2002,0.31
Ireland,IRL,2003,0.3
Ireland,IRL,2004,0.24
Ireland,IRL,2005,0.22
Ireland,IRL,2006,0.21
Ireland,IRL,2007,0.14
Ireland,IRL,2008,0.18
Ireland,IRL,2009,0.11
Ireland,IRL,2010,0.18
Ireland,IRL,2011,0.06
Ireland,IRL,2012,0.02
Ireland,IRL,2013,0.04
Ireland,IRL,2014,0.04
Ireland,IRL,2015,0.02
Ireland,IRL,2016,0.04
Ireland,IRL,2017,0.04
Ireland,IRL,2018,0.04
Ireland,IRL,2019,0.04
Israel,ISR,2000,0.25
Israel,ISR,2001,0.26
Israel,ISR,2002,0.26
Israel,ISR,2003,0.49
Israel,ISR,2004,0.23
Israel,ISR,2005,0.11
Israel,ISR,2006,0.07
Israel,ISR,2007,0.36
Israel,ISR,2008,0.6
Israel,ISR,2009,0.53
Israel,ISR,2010,0.61
Israel,ISR,2011,0.53
Israel,ISR,2012,0.48
Israel,ISR,2013,0.31
Israel,ISR,2014,0.39
Israel,ISR,2015,0.25
Israel,ISR,2016,0.38
Israel,ISR,2017,0.61
Israel,ISR,2018,0.28
Israel,ISR,2019,0.46
Italy,ITA,2000,0.23
Italy,ITA,2001,0.24
Italy,ITA,2002,0.26
Italy,ITA,2003,0.64
Italy,ITA,2004,0.5
Italy,ITA,2005,0.62
Italy,ITA,2006,0.63
Italy,ITA,2007,0.79
Italy,ITA,2008,0.69
Italy,ITA,2009,0.63
Italy,ITA,2010,0.63
Italy,ITA,2011,0.78
Italy,ITA,2012,0.88
Italy,ITA,2013,0.82
Italy,ITA,2014,0.86
Italy,ITA,2015,0.98
Italy,ITA,2016,1.05
Italy,ITA,2017,1.24
Italy,ITA,2018,1.22
Italy,ITA,2019,1.28
Jamaica,JAM,2000,3.28
Jamaica,JAM,2001,3.2
Jamaica,JAM,2002,2.99
Jamaica,JAM,2003,2.83
Jamaica,JAM,2004,2.45
Jamaica,JAM,2005,2.32
Jamaica,JAM,2006,1.78
Jamaica,JAM,2007,2.01
Jamaica,JAM,2008,2.05
Jamaica,JAM,2009,1.78
Jamaica,JAM,2010,1.83
Jamaica,JAM,2011,1.74
Jamaica,JAM,2012,1.61
Jamaica,JAM,2013,1.57
Jamaica,JAM,2014,1.44
Jamaica,JAM,2015,1.6
Jamaica,JAM,2016,1.59
Jamaica,JAM,2017,1.6
Jamaica,JAM,2018,1.6
Jamaica,JAM,2019,1.62
Japan,JPN,2000,0.98
Japan,JPN,2001,1.01
Japan,JPN,2002,1.04
Japan,JPN,2003,1.08
Japan,JPN,2004,1.12
Japan,JPN,2005,1.35
Japan,JPN,2006,1.24
Japan,JPN,2007,1.32
Japan,JPN,2008,1.38
Japan,JPN,2009,1.31
Japan,JPN,2010,1.38
Japan,JPN,2011,1.43
Japan,JPN,2012,1.47
Japan,JPN,2013,1.44
Japan,JPN,2014,1.45
Japan,JPN,2015,1.36
Japan,JPN,2016,1.42
Japan,JPN,2017,1.85
Japan,JPN,2018,1.83
Japan,JPN,2019,1.5
Jordan,JOR,2000,0.32
Jordan,JOR,2001,0.35
Jordan,JOR,2002,0.32
Jordan,JOR,2003,0.3
Jordan,JOR,2004,0.3
Jordan,JOR,2005,0.29
Jordan,JOR,2006,0.27
Jordan,JOR,2007,0.25
Jordan,JOR,2008,0.23
Jordan,JOR,2009,0.21
Jordan,JOR,2010,0.18
Jordan,JOR,2011,0.17
Jordan,JOR,2012,0.16
Jordan,JOR,2013,0.15
Jordan,JOR,2014,0.14
Jordan,JOR,2015,0.13
Jordan,JOR,2016,0.14
Jordan,JOR,2017,0.15
Jordan,JOR,2018,0.15
Jordan,JOR,2019,0.15
Kazakhstan,KAZ,2000,0.47
Kazakhstan,KAZ,2001,0.44
Kazakhstan,KAZ,2002,0.41
Kazakhstan,KAZ,2003,0.44
Kazakhstan,KAZ,2004,0.43
Kazakhstan,KAZ,2005,0.43
Kazakhstan,KAZ,2006,0.42
Kazakhstan,KAZ,2007,0.46
Kazakhstan,KAZ,2008,0.46
Kazakhstan,KAZ,2009,0.46
Kazakhstan,KAZ,2010,0.49
Kazakhstan,KAZ,2011,0.51
Kazakhstan,KAZ,2012,0.52
Kazakhstan,KAZ,2013,0.49
Kazakhstan,KAZ,2014,0.48
Kazakhstan,KAZ,2015,0.46
Kazakhstan,KAZ,2016,0.48
Kazakhstan,KAZ,2017,0.51
Kazakhstan,KAZ,2018,0.47
Kazakhstan,KAZ,2019,0.45
Kenya,KEN,2000,19.7
Kenya,KEN,2001,18.03
Kenya,KEN,2002,16.67
Kenya,KEN,2003,15.44
Kenya,KEN,2004,14.26
Kenya,KEN,2005,13.21
Kenya,KEN,2006,12.73
Kenya,KEN,2007,12.4
Kenya,KEN,2008,11.85
Kenya,KEN,2009,11.31
Kenya,KEN,2010,10.71
Kenya,KEN,2011,10.81
Kenya,KEN,2012,10.46
Kenya,KEN,2013,10.05
Kenya,KEN,2014,9.65
Kenya,KEN,2015,9.32
Kenya,KEN,2016,9.03
Kenya,KEN,2017,8.87
Kenya,KEN,2018,8.53
Kenya,KEN,2019,8.01
Kiribati,KIR,2000,16.42
Kiribati,KIR,2001,15.95
Kiribati,KIR,2002,15.41
Kiribati,KIR,2003,14.85
Kiribati,KIR,2004,14.5
Kiribati,KIR,2005,14.38
Kiribati,KIR,2006,14.44
Kiribati,KIR,2007,14.55
Kiribati,KIR,2008,14.59
Kiribati,KIR,2009,14.51
Kiribati,KIR,2010,14.2
Kiribati,KIR,2011,14.17
Kiribati,KIR,2012,13.85
Kiribati,KIR,2013,13.91
Kiribati,KIR,2014,13.45
Kiribati,KIR,2015,13.09
Kiribati,KIR,2016,13.05
Kiribati,KIR,2017,12.89
Kiribati,KIR,2018,12.49
Kiribati,KIR,2019,12.72
Kuwait,KWT,2000,0.01
Kuwait,KWT,2001,0.01
Kuwait,KWT,2002,0.01
Kuwait,KWT,2003,0.01
Kuwait,KWT,2004,0.01
Kuwait,KWT,2005,0.01
Kuwait,KWT,2006,0.02
Kuwait,KWT,2007,0.01
Kuwait,KWT,2008,0.02
Kuwait,KWT,2009,0.01
Kuwait,KWT,2010,0.02
Kuwait,KWT,2011,0.01
Kuwait,KWT,2012,0.01
Kuwait,KWT,2013,0.01
Kuwait,KWT,2014,0.01
Kuwait,KWT,2015,0.01
Kuwait,KWT,2016,0.01
Kuwait,KWT,2017,0.01
Kuwait,KWT,2018,0.01
Kuwait,KWT,2019,0.01
Kyrgyzstan,KGZ,2000,0.36
Kyrgyzstan,KGZ,2001,0.3
Kyrgyzstan,KGZ,2002,0.32
Kyrgyzstan,KGZ,2003,0.31
Kyrgyzstan,KGZ,2004,0.27
Kyrgyzstan,KGZ,2005,0.26
Kyrgyzstan,KGZ,2006,0.25
Kyrgyzstan,KGZ,2007,0.24
Kyrgyzstan,KGZ,2008,0.21
Kyrgyzstan,KGZ,2009,0.18
Kyrgyzstan,KGZ,2010,0.16
Kyrgyzstan,KGZ,2011,0.16
Kyrgyzstan,KGZ,2012,0.15
Kyrgyzstan,KGZ,2013,0.13
Kyrgyzstan,KGZ,2014,0.11
Kyrgyzstan,KGZ,2015,0.11
Kyrgyzstan,KGZ,2016,0.1
Kyrgyzstan,KGZ,2017,0.09
Kyrgyzstan,KGZ,2018,0.09
Kyrgyzstan,KGZ,2019,0.09
Laos,LAO,2000,7.73
Laos,LAO,2001,7.45
Laos,LAO,2002,7
Laos,LAO,2003,6.18
Laos,LAO,2004,5.44
Laos,LAO,2005,5.02
Laos,LAO,2006,4.7
Laos,LAO,2007,4.2
Laos,LAO,2008,4.41
Laos,LAO,2009,4.08
Laos,LAO,2010,3.8
Laos,LAO,2011,3.58
Laos,LAO,2012,3.34
Laos,LAO,2013,3.08
Laos,LAO,2014,2.98
Laos,LAO,2015,2.76
Laos,LAO,2016,2.59
Laos,LAO,2017,2.49
Laos,LAO,2018,2.41
Laos,LAO,2019,2.32
Latvia,LVA,2000,0.06
Latvia,LVA,2001,0.1
Latvia,LVA,2002,0.07
Latvia,LVA,2003,0.17
Latvia,LVA,2004,0.12
Latvia,LVA,2005,0.14
Latvia,LVA,2006,0.04
Latvia,LVA,2007,0.19
Latvia,LVA,2008,0.22
Latvia,LVA,2009,0.28
Latvia,LVA,2010,0.11
Latvia,LVA,2011,0.2
Latvia,LVA,2012,0.06
Latvia,LVA,2013,0.08
Latvia,LVA,2014,0.06
Latvia,LVA,2015,0.03
Latvia,LVA,2016,0.03
Latvia,LVA,2017,0.15
Latvia,LVA,2018,0.12
Latvia,LVA,2019,0.1
Lebanon,LBN,2000,0.17
Lebanon,LBN,2001,0.17
Lebanon,LBN,2002,0.16
Lebanon,LBN,2003,0.16
Lebanon,LBN,2004,0.15
Lebanon,LBN,2005,0.15
Lebanon,LBN,2006,0.15
Lebanon,LBN,2007,0.15
Lebanon,LBN,2008,0.15
Lebanon,LBN,2009,0.16
Lebanon,LBN,2010,0.16
Lebanon,LBN,2011,0.16
Lebanon,LBN,2012,0.15
Lebanon,LBN,2013,0.15
Lebanon,LBN,2014,0.15
Lebanon,LBN,2015,0.15
Lebanon,LBN,2016,0.15
Lebanon,LBN,2017,0.16
Lebanon,LBN,2018,0.16
Lebanon,LBN,2019,0.16
Lesotho,LSO,2000,10.45
Lesotho,LSO,2001,10.37
Lesotho,LSO,2002,10.44
Lesotho,LSO,2003,10.92
Lesotho,LSO,2004,10.03
Lesotho,LSO,2005,10.31
Lesotho,LSO,2006,11.48
Lesotho,LSO,2007,12.3
Lesotho,LSO,2008,13.6
Lesotho,LSO,2009,14.14
Lesotho,LSO,2010,14.09
Lesotho,LSO,2011,15.08
Lesotho,LSO,2012,15.94
Lesotho,LSO,2013,16.41
Lesotho,LSO,2014,16.83
Lesotho,LSO,2015,16.84
Lesotho,LSO,2016,16.84
Lesotho,LSO,2017,16.13
Lesotho,LSO,2018,16.72
Lesotho,LSO,2019,16.81
Liberia,LBR,2000,24.31
Liberia,LBR,2001,22.47
Liberia,LBR,2002,24.08
Liberia,LBR,2003,21.17
Liberia,LBR,2004,19.05
Liberia,LBR,2005,17.05
Liberia,LBR,2006,15.54
Liberia,LBR,2007,14.46
Liberia,LBR,2008,13.68
Liberia,LBR,2009,13.01
Liberia,LBR,2010,10.97
Liberia,LBR,2011,11.5
Liberia,LBR,2012,11.92
Liberia,LBR,2013,11.12
Liberia,LBR,2014,8.33
Liberia,LBR,2015,7.06
Liberia,LBR,2016,8.59
Liberia,LBR,2017,7.81
Liberia,LBR,2018,7.28
Liberia,LBR,2019,7.16
Libya,LBY,2000,0.24
Libya,LBY,2001,0.23
Libya,LBY,2002,0.22
Libya,LBY,2003,0.2
Libya,LBY,2004,0.19
Libya,LBY,2005,0.18
Libya,LBY,2006,0.16
Libya,LBY,2007,0.18
Libya,LBY,2008,0.18
Libya,LBY,2009,0.18
Libya,LBY,2010,0.17
Libya,LBY,2011,0.15
Libya,LBY,2012,0.17
Libya,LBY,2013,0.16
Libya,LBY,2014,0.15
Libya,LBY,2015,0.15
Libya,LBY,2016,0.16
Libya,LBY,2017,0.16
Libya,LBY,2018,0.17
Libya,LBY,2019,0.16
Lithuania,LTU,2000,0.03
Lithuania,LTU,2001,0.09
Lithuania,LTU,2002,0.06
Lithuania,LTU,2003,0.04
Lithuania,LTU,2004,0.04
Lithuania,LTU,2005,0.07
Lithuania,LTU,2006,0.04
Lithuania,LTU,2007,0.1
Lithuania,LTU,2008,0.07
Lithuania,LTU,2009,0.04
Lithuania,LTU,2010,0.01
Lithuania,LTU,2011,0.11
Lithuania,LTU,2012,0.05
Lithuania,LTU,2013,0.25
Lithuania,LTU,2014,0.05
Lithuania,LTU,2015,0.12
Lithuania,LTU,2016,0.12
Lithuania,LTU,2017,0.3
Lithuania,LTU,2018,0.12
Lithuania,LTU,2019,0.26
Luxembourg,LUX,2000,0.15
Luxembourg,LUX,2001,0.33
Luxembourg,LUX,2002,0.34
Luxembourg,LUX,2003,0.77
Luxembourg,LUX,2004,0.9
Luxembourg,LUX,2005,1.23
Luxembourg,LUX,2006,1.02
Luxembourg,LUX,2007,0.95
Luxembourg,LUX,2008,0.79
Luxembourg,LUX,2009,0.6
Luxembourg,LUX,2010,1.08
Luxembourg,LUX,2011,1.46
Luxembourg,LUX,2012,2.06
Luxembourg,LUX,2013,1.93
Luxembourg,LUX,2014,1.99
Luxembourg,LUX,2015,2.37
Luxembourg,LUX,2016,2.93
Luxembourg,LUX,2017,3.49
Luxembourg,LUX,2018,3.11
Luxembourg,LUX,2019,3.16
Madagascar,MDG,2000,44.7
Madagascar,MDG,2001,41.79
Madagascar,MDG,2002,39.33
Madagascar,MDG,2003,38.6
Madagascar,MDG,2004,38.3
Madagascar,MDG,2005,37.7
Madagascar,MDG,2006,35.86
Madagascar,MDG,2007,34.23
Madagascar,MDG,2008,33.12
Madagascar,MDG,2009,31.08
Madagascar,MDG,2010,29.81
Madagascar,MDG,2011,28.91
Madagascar,MDG,2012,26.7
Madagascar,MDG,2013,26.26
Madagascar,MDG,2014,25.88
Madagascar,MDG,2015,23.48
Madagascar,MDG,2016,22.86
Madagascar,MDG,2017,21.57
Madagascar,MDG,2018,19.94
Madagascar,MDG,2019,15.69
Malawi,MWI,2000,27.73
Malawi,MWI,2001,24.73
Malawi,MWI,2002,23.83
Malawi,MWI,2003,19.82
Malawi,MWI,2004,17.65
Malawi,MWI,2005,16.38
Malawi,MWI,2006,16.72
Malawi,MWI,2007,16.73
Malawi,MWI,2008,16.43
Malawi,MWI,2009,15.94
Malawi,MWI,2010,14.87
Malawi,MWI,2011,13.75
Malawi,MWI,2012,13.55
Malawi,MWI,2013,12.57
Malawi,MWI,2014,11.74
Malawi,MWI,2015,10.95
Malawi,MWI,2016,10.24
Malawi,MWI,2017,9.5
Malawi,MWI,2018,8.7
Malawi,MWI,2019,8.06
Malaysia,MYS,2000,0.63
Malaysia,MYS,2001,0.63
Malaysia,MYS,2002,0.64
Malaysia,MYS,2003,0.64
Malaysia,MYS,2004,0.61
Malaysia,MYS,2005,0.59
Malaysia,MYS,2006,0.59
Malaysia,MYS,2007,0.6
Malaysia,MYS,2008,0.62
Malaysia,MYS,2009,0.63
Malaysia,MYS,2010,0.61
Malaysia,MYS,2011,0.61
Malaysia,MYS,2012,0.63
Malaysia,MYS,2013,0.61
Malaysia,MYS,2014,0.64
Malaysia,MYS,2015,0.66
Malaysia,MYS,2016,0.7
Malaysia,MYS,2017,0.73
Malaysia,MYS,2018,0.75
Malaysia,MYS,2019,0.78
Maldives,MDV,2000,1.96
Maldives,MDV,2001,1.57
Maldives,MDV,2002,1.16
Maldives,MDV,2003,1.1
Maldives,MDV,2004,0.98
Maldives,MDV,2005,0.85
Maldives,MDV,2006,0.8
Maldives,MDV,2007,0.75
Maldives,MDV,2008,0.73
Maldives,MDV,2009,0.68
Maldives,MDV,2010,0.65
Maldives,MDV,2011,0.59
Maldives,MDV,2012,0.59
Maldives,MDV,2013,0.59
Maldives,MDV,2014,0.6
Maldives,MDV,2015,0.6
Maldives,MDV,2016,0.58
Maldives,MDV,2017,0.57
Maldives,MDV,2018,0.53
Maldives,MDV,2019,0.51
Mali,MLI,2000,48.86
Mali,MLI,2001,43.81
Mali,MLI,2002,46.45
Mali,MLI,2003,42.25
Mali,MLI,2004,39.89
Mali,MLI,2005,37.94
Mali,MLI,2006,37.1
Mali,MLI,2007,36.6
Mali,MLI,2008,35.11
Mali,MLI,2009,31.86
Mali,MLI,2010,30.22
Mali,MLI,2011,29.5
Mali,MLI,2012,26.67
Mali,MLI,2013,27.7
Mali,MLI,2014,28.9
Mali,MLI,2015,30.57
Mali,MLI,2016,32.99
Mali,MLI,2017,35.45
Mali,MLI,2018,32
Mali,MLI,2019,29.68
Malta,MLT,2000,0
Malta,MLT,2001,0
Malta,MLT,2002,0
Malta,MLT,2003,0
Malta,MLT,2004,0
Malta,MLT,2005,0
Malta,MLT,2006,0
Malta,MLT,2007,0
Malta,MLT,2008,0.08
Malta,MLT,2009,0.09
Malta,MLT,2010,0.09
Malta,MLT,2011,0.09
Malta,MLT,2012,0.09
Malta,MLT,2013,0.16
Malta,MLT,2014,0.16
Malta,MLT,2015,0.16
Malta,MLT,2016,0.08
Malta,MLT,2017,0
Malta,MLT,2018,0.08
Malta,MLT,2019,0.08
Mauritania,MRT,2000,20.55
Mauritania,MRT,2001,14.9
Mauritania,MRT,2002,15.96
Mauritania,MRT,2003,15.36
Mauritania,MRT,2004,13.55
Mauritania,MRT,2005,14.41
Mauritania,MRT,2006,13.15
Mauritania,MRT,2007,11.12
Mauritania,MRT,2008,9.69
Mauritania,MRT,2009,8.61
Mauritania,MRT,2010,6.92
Mauritania,MRT,2011,7.52
Mauritania,MRT,2012,8.12
Mauritania,MRT,2013,8.01
Mauritania,MRT,2014,8.56
Mauritania,MRT,2015,9.32
Mauritania,MRT,2016,9.99
Mauritania,MRT,2017,11.28
Mauritania,MRT,2018,10.4
Mauritania,MRT,2019,10.22
Mauritius,MUS,2000,0.25
Mauritius,MUS,2001,0.34
Mauritius,MUS,2002,0.96
Mauritius,MUS,2003,0.56
Mauritius,MUS,2004,0.83
Mauritius,MUS,2005,0.48
Mauritius,MUS,2006,0.44
Mauritius,MUS,2007,1.61
Mauritius,MUS,2008,2.59
Mauritius,MUS,2009,3.65
Mauritius,MUS,2010,1.94
Mauritius,MUS,2011,0.73
Mauritius,MUS,2012,1.35
Mauritius,MUS,2013,1.42
Mauritius,MUS,2014,2.09
Mauritius,MUS,2015,1.33
Mauritius,MUS,2016,0.59
Mauritius,MUS,2017,1.46
Mauritius,MUS,2018,1.03
Mauritius,MUS,2019,0.3
Mexico,MEX,2000,10.23
Mexico,MEX,2001,9.82
Mexico,MEX,2002,9.83
Mexico,MEX,2003,9.98
Mexico,MEX,2004,8.94
Mexico,MEX,2005,9.02
Mexico,MEX,2006,8.28
Mexico,MEX,2007,8.58
Mexico,MEX,2008,8.13
Mexico,MEX,2009,7.93
Mexico,MEX,2010,7.98
Mexico,MEX,2011,7.28
Mexico,MEX,2012,6.9
Mexico,MEX,2013,7.14
Mexico,MEX,2014,6.28
Mexico,MEX,2015,6
Mexico,MEX,2016,6.13
Mexico,MEX,2017,5.77
Mexico,MEX,2018,5.96
Mexico,MEX,2019,5.9
Micronesia (country),FSM,2000,5.32
Micronesia (country),FSM,2001,5.17
Micronesia (country),FSM,2002,4.86
Micronesia (country),FSM,2003,4.77
Micronesia (country),FSM,2004,4.6
Micronesia (country),FSM,2005,4.39
Micronesia (country),FSM,2006,4.19
Micronesia (country),FSM,2007,4.01
Micronesia (country),FSM,2008,3.74
Micronesia (country),FSM,2009,3.49
Micronesia (country),FSM,2010,3.27
Micronesia (country),FSM,2011,3.23
Micronesia (country),FSM,2012,3.15
Micronesia (country),FSM,2013,2.96
Micronesia (country),FSM,2014,2.82
Micronesia (country),FSM,2015,2.6
Micronesia (country),FSM,2016,2.53
Micronesia (country),FSM,2017,2.5
Micronesia (country),FSM,2018,2.43
Micronesia (country),FSM,2019,2.34
Moldova,MDA,2000,0.18
Moldova,MDA,2001,0.17
Moldova,MDA,2002,0.15
Moldova,MDA,2003,0.06
Moldova,MDA,2004,0.06
Moldova,MDA,2005,0.12
Moldova,MDA,2006,0.12
Moldova,MDA,2007,0.18
Moldova,MDA,2008,0.14
Moldova,MDA,2009,0.09
Moldova,MDA,2010,0.14
Moldova,MDA,2011,0.03
Moldova,MDA,2012,0
Moldova,MDA,2013,0.03
Moldova,MDA,2014,0
Moldova,MDA,2015,0
Moldova,MDA,2016,0.03
Moldova,MDA,2017,0.05
Moldova,MDA,2018,0
Moldova,MDA,2019,0.03
Mongolia,MNG,2000,0.08
Mongolia,MNG,2001,0.07
Mongolia,MNG,2002,0.06
Mongolia,MNG,2003,0.05
Mongolia,MNG,2004,0.05
Mongolia,MNG,2005,0.05
Mongolia,MNG,2006,0.04
Mongolia,MNG,2007,0.04
Mongolia,MNG,2008,0.03
Mongolia,MNG,2009,0.03
Mongolia,MNG,2010,0.03
Mongolia,MNG,2011,0.02
Mongolia,MNG,2012,0.02
Mongolia,MNG,2013,0.02
Mongolia,MNG,2014,0.02
Mongolia,MNG,2015,0.02
Mongolia,MNG,2016,0.01
Mongolia,MNG,2017,0.01
Mongolia,MNG,2018,0.01
Mongolia,MNG,2019,0.01
Montenegro,MNE,2000,0.1
Montenegro,MNE,2001,0.1
Montenegro,MNE,2002,0.1
Montenegro,MNE,2003,0.1
Montenegro,MNE,2004,0.11
Montenegro,MNE,2005,0.11
Montenegro,MNE,2006,0.12
Montenegro,MNE,2007,0.13
Montenegro,MNE,2008,0.13
Montenegro,MNE,2009,0.13
Montenegro,MNE,2010,0.13
Montenegro,MNE,2011,0.14
Montenegro,MNE,2012,0.14
Montenegro,MNE,2013,0.13
Montenegro,MNE,2014,0.14
Montenegro,MNE,2015,0.14
Montenegro,MNE,2016,0.14
Montenegro,MNE,2017,0.14
Montenegro,MNE,2018,0.14
Montenegro,MNE,2019,0.14
Morocco,MAR,2000,1.13
Morocco,MAR,2001,1.1
Morocco,MAR,2002,1.02
Morocco,MAR,2003,0.98
Morocco,MAR,2004,0.95
Morocco,MAR,2005,0.9
Morocco,MAR,2006,0.86
Morocco,MAR,2007,0.84
Morocco,MAR,2008,0.77
Morocco,MAR,2009,0.72
Morocco,MAR,2010,0.67
Morocco,MAR,2011,0.66
Morocco,MAR,2012,0.65
Morocco,MAR,2013,0.66
Morocco,MAR,2014,0.62
Morocco,MAR,2015,0.6
Morocco,MAR,2016,0.58
Morocco,MAR,2017,0.57
Morocco,MAR,2018,0.56
Morocco,MAR,2019,0.55
Mozambique,MOZ,2000,27.7
Mozambique,MOZ,2001,25.27
Mozambique,MOZ,2002,22.63
Mozambique,MOZ,2003,20.99
Mozambique,MOZ,2004,19.91
Mozambique,MOZ,2005,18.45
Mozambique,MOZ,2006,19.63
Mozambique,MOZ,2007,18.14
Mozambique,MOZ,2008,18.3
Mozambique,MOZ,2009,18.49
Mozambique,MOZ,2010,17.18
Mozambique,MOZ,2011,17.19
Mozambique,MOZ,2012,16.54
Mozambique,MOZ,2013,15.87
Mozambique,MOZ,2014,14.89
Mozambique,MOZ,2015,14.17
Mozambique,MOZ,2016,13.94
Mozambique,MOZ,2017,13.98
Mozambique,MOZ,2018,13.52
Mozambique,MOZ,2019,13.29
Myanmar,MMR,2000,4.74
Myanmar,MMR,2001,4.43
Myanmar,MMR,2002,4.32
Myanmar,MMR,2003,4.17
Myanmar,MMR,2004,3.95
Myanmar,MMR,2005,3.7
Myanmar,MMR,2006,3.55
Myanmar,MMR,2007,3.3
Myanmar,MMR,2008,3.09
Myanmar,MMR,2009,2.83
Myanmar,MMR,2010,2.58
Myanmar,MMR,2011,2.44
Myanmar,MMR,2012,2.31
Myanmar,MMR,2013,2.19
Myanmar,MMR,2014,2.1
Myanmar,MMR,2015,1.96
Myanmar,MMR,2016,1.93
Myanmar,MMR,2017,1.87
Myanmar,MMR,2018,1.83
Myanmar,MMR,2019,1.75
Namibia,NAM,2000,12.02
Namibia,NAM,2001,10.72
Namibia,NAM,2002,10.81
Namibia,NAM,2003,10.37
Namibia,NAM,2004,9.67
Namibia,NAM,2005,10.16
Namibia,NAM,2006,10.2
Namibia,NAM,2007,10.92
Namibia,NAM,2008,10.48
Namibia,NAM,2009,9.87
Namibia,NAM,2010,9.03
Namibia,NAM,2011,8.92
Namibia,NAM,2012,8.72
Namibia,NAM,2013,9.27
Namibia,NAM,2014,9.79
Namibia,NAM,2015,10.71
Namibia,NAM,2016,10.13
Namibia,NAM,2017,9.38
Namibia,NAM,2018,9.07
Namibia,NAM,2019,8.96
Nepal,NPL,2000,8.09
Nepal,NPL,2001,7.05
Nepal,NPL,2002,6.57
Nepal,NPL,2003,5.46
Nepal,NPL,2004,4.87
Nepal,NPL,2005,5.46
Nepal,NPL,2006,5.25
Nepal,NPL,2007,4.94
Nepal,NPL,2008,4.52
Nepal,NPL,2009,4.38
Nepal,NPL,2010,4.13
Nepal,NPL,2011,3.94
Nepal,NPL,2012,3.69
Nepal,NPL,2013,3.68
Nepal,NPL,2014,3.46
Nepal,NPL,2015,3.29
Nepal,NPL,2016,3.18
Nepal,NPL,2017,3.12
Nepal,NPL,2018,3.04
Nepal,NPL,2019,2.95
Netherlands,NLD,2000,0.49
Netherlands,NLD,2001,0.46
Netherlands,NLD,2002,0.72
Netherlands,NLD,2003,0.66
Netherlands,NLD,2004,0.6
Netherlands,NLD,2005,0.52
Netherlands,NLD,2006,0.54
Netherlands,NLD,2007,0.59
Netherlands,NLD,2008,0.56
Netherlands,NLD,2009,0.53
Netherlands,NLD,2010,0.59
Netherlands,NLD,2011,0.58
Netherlands,NLD,2012,0.49
Netherlands,NLD,2013,0.35
Netherlands,NLD,2014,0.21
Netherlands,NLD,2015,0.11
Netherlands,NLD,2016,0.06
Netherlands,NLD,2017,0.1
Netherlands,NLD,2018,0.04
Netherlands,NLD,2019,0.07
New Zealand,NZL,2000,0.13
New Zealand,NZL,2001,0.05
New Zealand,NZL,2002,0.1
New Zealand,NZL,2003,0.1
New Zealand,NZL,2004,0.1
New Zealand,NZL,2005,0.12
New Zealand,NZL,2006,0.1
New Zealand,NZL,2007,0.19
New Zealand,NZL,2008,0.16
New Zealand,NZL,2009,0.3
New Zealand,NZL,2010,0.21
New Zealand,NZL,2011,0.25
New Zealand,NZL,2012,0.23
New Zealand,NZL,2013,0.14
New Zealand,NZL,2014,0.31
New Zealand,NZL,2015,0.24
New Zealand,NZL,2016,0.24
New Zealand,NZL,2017,0.29
New Zealand,NZL,2018,0.29
New Zealand,NZL,2019,0.29
Nicaragua,NIC,2000,5.76
Nicaragua,NIC,2001,6.3
Nicaragua,NIC,2002,5.14
Nicaragua,NIC,2003,4.83
Nicaragua,NIC,2004,5.08
Nicaragua,NIC,2005,4.4
Nicaragua,NIC,2006,3.23
Nicaragua,NIC,2007,2.84
Nicaragua,NIC,2008,2.46
Nicaragua,NIC,2009,3.37
Nicaragua,NIC,2010,3.37
Nicaragua,NIC,2011,2.98
Nicaragua,NIC,2012,2.54
Nicaragua,NIC,2013,2.56
Nicaragua,NIC,2014,2.89
Nicaragua,NIC,2015,2.58
Nicaragua,NIC,2016,2.53
Nicaragua,NIC,2017,2.47
Nicaragua,NIC,2018,2.4
Nicaragua,NIC,2019,2.49
Niger,NER,2000,38.24
Niger,NER,2001,31.04
Niger,NER,2002,31.03
Niger,NER,2003,26.62
Niger,NER,2004,22.83
Niger,NER,2005,25.23
Niger,NER,2006,22.26
Niger,NER,2007,20.66
Niger,NER,2008,17.69
Niger,NER,2009,16.26
Niger,NER,2010,14.68
Niger,NER,2011,13.83
Niger,NER,2012,13.04
Niger,NER,2013,12.28
Niger,NER,2014,11.92
Niger,NER,2015,11.27
Niger,NER,2016,11.49
Niger,NER,2017,10.86
Niger,NER,2018,10.1
Niger,NER,2019,9.31
Nigeria,NGA,2000,5.77
Nigeria,NGA,2001,5.95
Nigeria,NGA,2002,6.37
Nigeria,NGA,2003,5.14
Nigeria,NGA,2004,5.32
Nigeria,NGA,2005,4.12
Nigeria,NGA,2006,4.81
Nigeria,NGA,2007,4.7
Nigeria,NGA,2008,4.49
Nigeria,NGA,2009,4.54
Nigeria,NGA,2010,4.47
Nigeria,NGA,2011,4.48
Nigeria,NGA,2012,4.52
Nigeria,NGA,2013,4.16
Nigeria,NGA,2014,4.26
Nigeria,NGA,2015,4.16
Nigeria,NGA,2016,3.96
Nigeria,NGA,2017,3.66
Nigeria,NGA,2018,3.34
Nigeria,NGA,2019,2.93
North America,,2000,4.3193607
North America,,2001,4.153935
North America,,2002,4.050479
North America,,2003,3.940219
North America,,2004,3.6511629
North America,,2005,3.6870027
North America,,2006,3.3641772
North America,,2007,3.3992584
North America,,2008,3.268057
North America,,2009,3.1632917
North America,,2010,3.1631148
North America,,2011,2.975107
North America,,2012,2.8385127
North America,,2013,2.8981466
North America,,2014,2.7923484
North America,,2015,2.908206
North America,,2016,3.105074
North America,,2017,3.2685483
North America,,2018,3.13119
North America,,2019,3.1512933
North Korea,PRK,2000,199.21
North Korea,PRK,2001,200.62
North Korea,PRK,2002,208.15
North Korea,PRK,2003,1.37
North Korea,PRK,2004,1.2
North Korea,PRK,2005,1.25
North Korea,PRK,2006,1.23
North Korea,PRK,2007,1.13
North Korea,PRK,2008,1.18
North Korea,PRK,2009,1.15
North Korea,PRK,2010,1.14
North Korea,PRK,2011,1.17
North Korea,PRK,2012,1.17
North Korea,PRK,2013,1.18
North Korea,PRK,2014,1.18
North Korea,PRK,2015,1.19
North Korea,PRK,2016,1.21
North Korea,PRK,2017,1.17
North Korea,PRK,2018,1.23
North Korea,PRK,2019,1.23
North Macedonia,MKD,2000,0.03
North Macedonia,MKD,2001,0
North Macedonia,MKD,2002,0.02
North Macedonia,MKD,2003,0
North Macedonia,MKD,2004,0
North Macedonia,MKD,2005,0.02
North Macedonia,MKD,2006,0.06
North Macedonia,MKD,2007,0
North Macedonia,MKD,2008,0
North Macedonia,MKD,2009,0
North Macedonia,MKD,2010,0.06
North Macedonia,MKD,2011,0
North Macedonia,MKD,2012,0
North Macedonia,MKD,2013,0.07
North Macedonia,MKD,2014,0.02
North Macedonia,MKD,2015,0.02
North Macedonia,MKD,2016,0.03
North Macedonia,MKD,2017,0.03
North Macedonia,MKD,2018,0.03
North Macedonia,MKD,2019,0.03
Norway,NOR,2000,0
Norway,NOR,2001,0.03
Norway,NOR,2002,0
Norway,NOR,2003,0
Norway,NOR,2004,0
Norway,NOR,2005,0
Norway,NOR,2006,0
Norway,NOR,2007,0
Norway,NOR,2008,0
Norway,NOR,2009,0
Norway,NOR,2010,0.02
Norway,NOR,2011,1.46
Norway,NOR,2012,2.22
Norway,NOR,2013,1.98
Norway,NOR,2014,1.99
Norway,NOR,2015,2.63
Norway,NOR,2016,2.47
Norway,NOR,2017,2.5
Norway,NOR,2018,2.53
Norway,NOR,2019,2.51
Oceania,,2000,0.84245366
Oceania,,2001,0.8882607
Oceania,,2002,0.90564454
Oceania,,2003,0.9021899
Oceania,,2004,1.0175757
Oceania,,2005,0.8670444
Oceania,,2006,0.8656423
Oceania,,2007,0.8611161
Oceania,,2008,0.8607857
Oceania,,2009,0.84695923
Oceania,,2010,0.90459716
Oceania,,2011,0.83001375
Oceania,,2012,0.83395237
Oceania,,2013,0.80285716
Oceania,,2014,0.86728966
Oceania,,2015,0.84989953
Oceania,,2016,0.82549196
Oceania,,2017,0.80498046
Oceania,,2018,0.7678252
Oceania,,2019,0.7825739
Oman,OMN,2000,0.13
Oman,OMN,2001,0.11
Oman,OMN,2002,0.11
Oman,OMN,2003,0.1
Oman,OMN,2004,0.09
Oman,OMN,2005,0.09
Oman,OMN,2006,0.09
Oman,OMN,2007,0.07
Oman,OMN,2008,0.07
Oman,OMN,2009,0.06
Oman,OMN,2010,0.06
Oman,OMN,2011,0.05
Oman,OMN,2012,0.05
Oman,OMN,2013,0.05
Oman,OMN,2014,0.05
Oman,OMN,2015,0.05
Oman,OMN,2016,0.05
Oman,OMN,2017,0.05
Oman,OMN,2018,0.04
Oman,OMN,2019,0.04
Pakistan,PAK,2000,5.91
Pakistan,PAK,2001,5.62
Pakistan,PAK,2002,5.5
Pakistan,PAK,2003,5.03
Pakistan,PAK,2004,4.93
Pakistan,PAK,2005,4.64
Pakistan,PAK,2006,4.64
Pakistan,PAK,2007,4.55
Pakistan,PAK,2008,4.64
Pakistan,PAK,2009,4.67
Pakistan,PAK,2010,4.54
Pakistan,PAK,2011,4.54
Pakistan,PAK,2012,4.47
Pakistan,PAK,2013,4.55
Pakistan,PAK,2014,4.79
Pakistan,PAK,2015,4.75
Pakistan,PAK,2016,4.68
Pakistan,PAK,2017,4.6
Pakistan,PAK,2018,4.03
Pakistan,PAK,2019,4.08
Panama,PAN,2000,7.91
Panama,PAN,2001,7.43
Panama,PAN,2002,6.87
Panama,PAN,2003,5.17
Panama,PAN,2004,4.31
Panama,PAN,2005,4.24
Panama,PAN,2006,3.93
Panama,PAN,2007,3.57
Panama,PAN,2008,3.03
Panama,PAN,2009,3.55
Panama,PAN,2010,2.85
Panama,PAN,2011,2.54
Panama,PAN,2012,2.95
Panama,PAN,2013,3.9
Panama,PAN,2014,3.2
Panama,PAN,2015,3.48
Panama,PAN,2016,2.99
Panama,PAN,2017,2.55
Panama,PAN,2018,2.9
Panama,PAN,2019,2.88
Papua New Guinea,PNG,2000,2.13
Papua New Guinea,PNG,2001,2.21
Papua New Guinea,PNG,2002,2.08
Papua New Guinea,PNG,2003,2.25
Papua New Guinea,PNG,2004,2.23
Papua New Guinea,PNG,2005,2.23
Papua New Guinea,PNG,2006,2.3
Papua New Guinea,PNG,2007,2.37
Papua New Guinea,PNG,2008,2.32
Papua New Guinea,PNG,2009,2.21
Papua New Guinea,PNG,2010,2.25
Papua New Guinea,PNG,2011,2.2
Papua New Guinea,PNG,2012,2.17
Papua New Guinea,PNG,2013,2.08
Papua New Guinea,PNG,2014,1.99
Papua New Guinea,PNG,2015,2
Papua New Guinea,PNG,2016,1.67
Papua New Guinea,PNG,2017,1.67
Papua New Guinea,PNG,2018,1.6
Papua New Guinea,PNG,2019,1.53
Paraguay,PRY,2000,4.15
Paraguay,PRY,2001,3.95
Paraguay,PRY,2002,3.13
Paraguay,PRY,2003,3.36
Paraguay,PRY,2004,3.9
Paraguay,PRY,2005,3.82
Paraguay,PRY,2006,3.65
Paraguay,PRY,2007,3.71
Paraguay,PRY,2008,3.97
Paraguay,PRY,2009,3.09
Paraguay,PRY,2010,2.98
Paraguay,PRY,2011,3.59
Paraguay,PRY,2012,4.81
Paraguay,PRY,2013,4.78
Paraguay,PRY,2014,4.81
Paraguay,PRY,2015,4.7
Paraguay,PRY,2016,4.63
Paraguay,PRY,2017,4.05
Paraguay,PRY,2018,4.64
Paraguay,PRY,2019,4.68
Peru,PER,2000,9.42
Peru,PER,2001,7.93
Peru,PER,2002,7.24
Peru,PER,2003,6.7
Peru,PER,2004,5.99
Peru,PER,2005,5.36
Peru,PER,2006,4.69
Peru,PER,2007,4.15
Peru,PER,2008,3.73
Peru,PER,2009,3.8
Peru,PER,2010,3.74
Peru,PER,2011,3.48
Peru,PER,2012,3.35
Peru,PER,2013,3.23
Peru,PER,2014,3.08
Peru,PER,2015,2.92
Peru,PER,2016,2.87
Peru,PER,2017,2.98
Peru,PER,2018,3.04
Peru,PER,2019,3.09
Philippines,PHL,2000,3.83
Philippines,PHL,2001,4.01
Philippines,PHL,2002,3.83
Philippines,PHL,2003,3.73
Philippines,PHL,2004,3.75
Philippines,PHL,2005,3.43
Philippines,PHL,2006,3.26
Philippines,PHL,2007,2.99
Philippines,PHL,2008,3.02
Philippines,PHL,2009,2.76
Philippines,PHL,2010,2.72
Philippines,PHL,2011,2.37
Philippines,PHL,2012,2.83
Philippines,PHL,2013,2.93
Philippines,PHL,2014,2.82
Philippines,PHL,2015,3.21
Philippines,PHL,2016,3.4
Philippines,PHL,2017,3.6
Philippines,PHL,2018,3.81
Philippines,PHL,2019,3.99
Poland,POL,2000,0.22
Poland,POL,2001,0.18
Poland,POL,2002,0.23
Poland,POL,2003,0.15
Poland,POL,2004,0.21
Poland,POL,2005,0.17
Poland,POL,2006,0.2
Poland,POL,2007,0.17
Poland,POL,2008,0.2
Poland,POL,2009,0.29
Poland,POL,2010,0.2
Poland,POL,2011,0.24
Poland,POL,2012,0.37
Poland,POL,2013,0.46
Poland,POL,2014,0.48
Poland,POL,2015,0.34
Poland,POL,2016,0.62
Poland,POL,2017,0.78
Poland,POL,2018,0.67
Poland,POL,2019,0.77
Portugal,PRT,2000,0.7
Portugal,PRT,2001,0.69
Portugal,PRT,2002,0.86
Portugal,PRT,2003,0.99
Portugal,PRT,2004,0.9
Portugal,PRT,2005,0.84
Portugal,PRT,2006,0.66
Portugal,PRT,2007,0.66
Portugal,PRT,2008,0.6
Portugal,PRT,2009,0.5
Portugal,PRT,2010,0.51
Portugal,PRT,2011,0.61
Portugal,PRT,2012,0.67
Portugal,PRT,2013,0.76
Portugal,PRT,2014,0.62
Portugal,PRT,2015,0.71
Portugal,PRT,2016,0.89
Portugal,PRT,2017,0.72
Portugal,PRT,2018,0.79
Portugal,PRT,2019,0.77
Qatar,QAT,2000,0.09
Qatar,QAT,2001,0.08
Qatar,QAT,2002,0.08
Qatar,QAT,2003,0.07
Qatar,QAT,2004,0.07
Qatar,QAT,2005,0.06
Qatar,QAT,2006,0.06
Qatar,QAT,2007,0.04
Qatar,QAT,2008,0.04
Qatar,QAT,2009,0.04
Qatar,QAT,2010,0.04
Qatar,QAT,2011,0.03
Qatar,QAT,2012,0.03
Qatar,QAT,2013,0.03
Qatar,QAT,2014,0.03
Qatar,QAT,2015,0.03
Qatar,QAT,2016,0.03
Qatar,QAT,2017,0.03
Qatar,QAT,2018,0.03
Qatar,QAT,2019,0.03
Romania,ROU,2000,0.2
Romania,ROU,2001,0.26
Romania,ROU,2002,0.21
Romania,ROU,2003,0.31
Romania,ROU,2004,0.18
Romania,ROU,2005,0.34
Romania,ROU,2006,0.26
Romania,ROU,2007,0.27
Romania,ROU,2008,0.17
Romania,ROU,2009,0.37
Romania,ROU,2010,0.33
Romania,ROU,2011,0.42
Romania,ROU,2012,0.38
Romania,ROU,2013,0.42
Romania,ROU,2014,0.5
Romania,ROU,2015,0.51
Romania,ROU,2016,0.74
Romania,ROU,2017,0.47
Romania,ROU,2018,0.56
Romania,ROU,2019,0.73
Russia,RUS,2000,0.23
Russia,RUS,2001,0.23
Russia,RUS,2002,0.23
Russia,RUS,2003,0.23
Russia,RUS,2004,0.22
Russia,RUS,2005,0.22
Russia,RUS,2006,0.2
Russia,RUS,2007,0.18
Russia,RUS,2008,0.17
Russia,RUS,2009,0.16
Russia,RUS,2010,0.16
Russia,RUS,2011,0.14
Russia,RUS,2012,0.14
Russia,RUS,2013,0.14
Russia,RUS,2014,0.15
Russia,RUS,2015,0.16
Russia,RUS,2016,0.19
Russia,RUS,2017,0.18
Russia,RUS,2018,0.17
Russia,RUS,2019,0.17
Rwanda,RWA,2000,57.58
Rwanda,RWA,2001,53.87
Rwanda,RWA,2002,48.19
Rwanda,RWA,2003,44.57
Rwanda,RWA,2004,39.29
Rwanda,RWA,2005,34.15
Rwanda,RWA,2006,29.79
Rwanda,RWA,2007,26.28
Rwanda,RWA,2008,23.04
Rwanda,RWA,2009,19.9
Rwanda,RWA,2010,18.45
Rwanda,RWA,2011,16.32
Rwanda,RWA,2012,15.04
Rwanda,RWA,2013,13.37
Rwanda,RWA,2014,12.34
Rwanda,RWA,2015,11.53
Rwanda,RWA,2016,10.98
Rwanda,RWA,2017,10.48
Rwanda,RWA,2018,9.83
Rwanda,RWA,2019,9.27
Saint Lucia,LCA,2000,4.44
Saint Lucia,LCA,2001,4.42
Saint Lucia,LCA,2002,4.61
Saint Lucia,LCA,2003,4.7
Saint Lucia,LCA,2004,4.23
Saint Lucia,LCA,2005,3.56
Saint Lucia,LCA,2006,3.1
Saint Lucia,LCA,2007,2.98
Saint Lucia,LCA,2008,3.01
Saint Lucia,LCA,2009,2.69
Saint Lucia,LCA,2010,2.58
Saint Lucia,LCA,2011,2.48
Saint Lucia,LCA,2012,2.72
Saint Lucia,LCA,2013,2.8
Saint Lucia,LCA,2014,3.07
Saint Lucia,LCA,2015,2.94
Saint Lucia,LCA,2016,3.23
Saint Lucia,LCA,2017,3.39
Saint Lucia,LCA,2018,3.53
Saint Lucia,LCA,2019,3.6
Saint Vincent and the Grenadines,VCT,2000,10.47
Saint Vincent and the Grenadines,VCT,2001,11.83
Saint Vincent and the Grenadines,VCT,2002,8.33
Saint Vincent and the Grenadines,VCT,2003,7.78
Saint Vincent and the Grenadines,VCT,2004,9.28
Saint Vincent and the Grenadines,VCT,2005,7.33
Saint Vincent and the Grenadines,VCT,2006,5.96
Saint Vincent and the Grenadines,VCT,2007,3.17
Saint Vincent and the Grenadines,VCT,2008,3.92
Saint Vincent and the Grenadines,VCT,2009,5.56
Saint Vincent and the Grenadines,VCT,2010,4.84
Saint Vincent and the Grenadines,VCT,2011,4.32
Saint Vincent and the Grenadines,VCT,2012,2.32
Saint Vincent and the Grenadines,VCT,2013,3.98
Saint Vincent and the Grenadines,VCT,2014,3.58
Saint Vincent and the Grenadines,VCT,2015,3.92
Saint Vincent and the Grenadines,VCT,2016,2.06
Saint Vincent and the Grenadines,VCT,2017,2.21
Saint Vincent and the Grenadines,VCT,2018,2.91
Saint Vincent and the Grenadines,VCT,2019,2.93
Samoa,WSM,2000,1.65
Samoa,WSM,2001,1.63
Samoa,WSM,2002,1.64
Samoa,WSM,2003,1.64
Samoa,WSM,2004,1.7
Samoa,WSM,2005,1.6
Samoa,WSM,2006,1.69
Samoa,WSM,2007,1.75
Samoa,WSM,2008,1.81
Samoa,WSM,2009,1.85
Samoa,WSM,2010,1.75
Samoa,WSM,2011,1.72
Samoa,WSM,2012,1.72
Samoa,WSM,2013,1.68
Samoa,WSM,2014,1.61
Samoa,WSM,2015,1.48
Samoa,WSM,2016,1.51
Samoa,WSM,2017,1.52
Samoa,WSM,2018,1.5
Samoa,WSM,2019,1.43
Sao Tome and Principe,STP,2000,13.56
Sao Tome and Principe,STP,2001,12.3
Sao Tome and Principe,STP,2002,10.97
Sao Tome and Principe,STP,2003,10.08
Sao Tome and Principe,STP,2004,9.09
Sao Tome and Principe,STP,2005,8.76
Sao Tome and Principe,STP,2006,9.42
Sao Tome and Principe,STP,2007,9.01
Sao Tome and Principe,STP,2008,8.77
Sao Tome and Principe,STP,2009,7.84
Sao Tome and Principe,STP,2010,6.97
Sao Tome and Principe,STP,2011,6.24
Sao Tome and Principe,STP,2012,5.91
Sao Tome and Principe,STP,2013,6.13
Sao Tome and Principe,STP,2014,5.53
Sao Tome and Principe,STP,2015,4.96
Sao Tome and Principe,STP,2016,4.6
Sao Tome and Principe,STP,2017,4.61
Sao Tome and Principe,STP,2018,4.36
Sao Tome and Principe,STP,2019,4.15
Saudi Arabia,SAU,2000,0.55
Saudi Arabia,SAU,2001,0.53
Saudi Arabia,SAU,2002,0.55
Saudi Arabia,SAU,2003,0.49
Saudi Arabia,SAU,2004,0.44
Saudi Arabia,SAU,2005,0.4
Saudi Arabia,SAU,2006,0.38
Saudi Arabia,SAU,2007,0.37
Saudi Arabia,SAU,2008,0.35
Saudi Arabia,SAU,2009,0.33
Saudi Arabia,SAU,2010,0.32
Saudi Arabia,SAU,2011,0.3
Saudi Arabia,SAU,2012,0.29
Saudi Arabia,SAU,2013,0.28
Saudi Arabia,SAU,2014,0.27
Saudi Arabia,SAU,2015,0.25
Saudi Arabia,SAU,2016,0.25
Saudi Arabia,SAU,2017,0.25
Saudi Arabia,SAU,2018,0.24
Saudi Arabia,SAU,2019,0.23
Senegal,SEN,2000,12.89
Senegal,SEN,2001,10.28
Senegal,SEN,2002,7.11
Senegal,SEN,2003,9.94
Senegal,SEN,2004,9.99
Senegal,SEN,2005,9.04
Senegal,SEN,2006,8.32
Senegal,SEN,2007,7.69
Senegal,SEN,2008,7.03
Senegal,SEN,2009,6.29
Senegal,SEN,2010,5.84
Senegal,SEN,2011,5.42
Senegal,SEN,2012,4.93
Senegal,SEN,2013,4.59
Senegal,SEN,2014,4.51
Senegal,SEN,2015,4.26
Senegal,SEN,2016,3.99
Senegal,SEN,2017,3.72
Senegal,SEN,2018,3.28
Senegal,SEN,2019,3.03
Serbia,SRB,2000,0.06
Serbia,SRB,2001,0.08
Serbia,SRB,2002,0.02
Serbia,SRB,2003,0
Serbia,SRB,2004,0.06
Serbia,SRB,2005,0.14
Serbia,SRB,2006,0.2
Serbia,SRB,2007,0.09
Serbia,SRB,2008,0.17
Serbia,SRB,2009,0.1
Serbia,SRB,2010,0.07
Serbia,SRB,2011,0.27
Serbia,SRB,2012,0.13
Serbia,SRB,2013,0.07
Serbia,SRB,2014,0.16
Serbia,SRB,2015,0.07
Serbia,SRB,2016,0.15
Serbia,SRB,2017,0.1
Serbia,SRB,2018,0.11
Serbia,SRB,2019,0.11
Seychelles,SYC,2000,2.19
Seychelles,SYC,2001,2.16
Seychelles,SYC,2002,2.14
Seychelles,SYC,2003,2.1
Seychelles,SYC,2004,1.97
Seychelles,SYC,2005,1.86
Seychelles,SYC,2006,1.82
Seychelles,SYC,2007,1.82
Seychelles,SYC,2008,1.86
Seychelles,SYC,2009,1.82
Seychelles,SYC,2010,1.73
Seychelles,SYC,2011,1.7
Seychelles,SYC,2012,1.77
Seychelles,SYC,2013,1.78
Seychelles,SYC,2014,1.76
Seychelles,SYC,2015,1.73
Seychelles,SYC,2016,1.74
Seychelles,SYC,2017,1.76
Seychelles,SYC,2018,1.76
Seychelles,SYC,2019,1.74
Sierra Leone,SLE,2000,28.33
Sierra Leone,SLE,2001,27.03
Sierra Leone,SLE,2002,26.29
Sierra Leone,SLE,2003,24.45
Sierra Leone,SLE,2004,25.04
Sierra Leone,SLE,2005,22.31
Sierra Leone,SLE,2006,20.75
Sierra Leone,SLE,2007,19.5
Sierra Leone,SLE,2008,18.56
Sierra Leone,SLE,2009,16.47
Sierra Leone,SLE,2010,16.52
Sierra Leone,SLE,2011,16.13
Sierra Leone,SLE,2012,16.43
Sierra Leone,SLE,2013,17.48
Sierra Leone,SLE,2014,16.55
Sierra Leone,SLE,2015,17.62
Sierra Leone,SLE,2016,15.2
Sierra Leone,SLE,2017,14.25
Sierra Leone,SLE,2018,13.13
Sierra Leone,SLE,2019,11.82
Singapore,SGP,2000,0.06
Singapore,SGP,2001,0.03
Singapore,SGP,2002,0.03
Singapore,SGP,2003,0
Singapore,SGP,2004,0
Singapore,SGP,2005,0
Singapore,SGP,2006,0
Singapore,SGP,2007,0
Singapore,SGP,2008,0.12
Singapore,SGP,2009,0
Singapore,SGP,2010,0
Singapore,SGP,2011,0
Singapore,SGP,2012,0
Singapore,SGP,2013,0
Singapore,SGP,2014,0
Singapore,SGP,2015,0
Singapore,SGP,2016,0
Singapore,SGP,2017,0
Singapore,SGP,2018,0
Singapore,SGP,2019,0
Slovakia,SVK,2000,0.05
Slovakia,SVK,2001,0.04
Slovakia,SVK,2002,0.04
Slovakia,SVK,2003,0.02
Slovakia,SVK,2004,0.04
Slovakia,SVK,2005,0.04
Slovakia,SVK,2006,0.04
Slovakia,SVK,2007,0.02
Slovakia,SVK,2008,0.04
Slovakia,SVK,2009,0.06
Slovakia,SVK,2010,0.06
Slovakia,SVK,2011,0.25
Slovakia,SVK,2012,0.31
Slovakia,SVK,2013,0.54
Slovakia,SVK,2014,0.61
Slovakia,SVK,2015,0.49
Slovakia,SVK,2016,0.51
Slovakia,SVK,2017,0.52
Slovakia,SVK,2018,0.52
Slovakia,SVK,2019,0.53
Slovenia,SVN,2000,0
Slovenia,SVN,2001,0.21
Slovenia,SVN,2002,0.39
Slovenia,SVN,2003,0
Slovenia,SVN,2004,0
Slovenia,SVN,2005,0
Slovenia,SVN,2006,0
Slovenia,SVN,2007,0.05
Slovenia,SVN,2008,0
Slovenia,SVN,2009,0
Slovenia,SVN,2010,0
Slovenia,SVN,2011,0
Slovenia,SVN,2012,0
Slovenia,SVN,2013,0
Slovenia,SVN,2014,0
Slovenia,SVN,2015,0.05
Slovenia,SVN,2016,0.05
Slovenia,SVN,2017,0
Slovenia,SVN,2018,0
Slovenia,SVN,2019,0
Solomon Islands,SLB,2000,4.04
Solomon Islands,SLB,2001,3.9
Solomon Islands,SLB,2002,3.93
Solomon Islands,SLB,2003,3.81
Solomon Islands,SLB,2004,3.61
Solomon Islands,SLB,2005,3.65
Solomon Islands,SLB,2006,3.69
Solomon Islands,SLB,2007,3.66
Solomon Islands,SLB,2008,3.86
Solomon Islands,SLB,2009,3.63
Solomon Islands,SLB,2010,3.47
Solomon Islands,SLB,2011,3.36
Solomon Islands,SLB,2012,3.33
Solomon Islands,SLB,2013,3.18
Solomon Islands,SLB,2014,3.18
Solomon Islands,SLB,2015,3.13
Solomon Islands,SLB,2016,3.05
Solomon Islands,SLB,2017,2.88
Solomon Islands,SLB,2018,2.91
Solomon Islands,SLB,2019,2.84
Somalia,SOM,2000,58.99
Somalia,SOM,2001,57.87
Somalia,SOM,2002,47.5
Somalia,SOM,2003,51.02
Somalia,SOM,2004,45.27
Somalia,SOM,2005,55.24
Somalia,SOM,2006,60.34
Somalia,SOM,2007,57.25
Somalia,SOM,2008,55.4
Somalia,SOM,2009,53.2
Somalia,SOM,2010,77.36
Somalia,SOM,2011,62.33
Somalia,SOM,2012,41.47
Somalia,SOM,2013,42.38
Somalia,SOM,2014,32.64
Somalia,SOM,2015,33.58
Somalia,SOM,2016,34.01
Somalia,SOM,2017,27
Somalia,SOM,2018,27.51
Somalia,SOM,2019,31.33
South Africa,ZAF,2000,6.23
South Africa,ZAF,2001,6.12
South Africa,ZAF,2002,6.07
South Africa,ZAF,2003,6.09
South Africa,ZAF,2004,6.02
South Africa,ZAF,2005,5.96
South Africa,ZAF,2006,5.98
South Africa,ZAF,2007,6.14
South Africa,ZAF,2008,6.28
South Africa,ZAF,2009,6.09
South Africa,ZAF,2010,5.74
South Africa,ZAF,2011,5.13
South Africa,ZAF,2012,5.18
South Africa,ZAF,2013,5.13
South Africa,ZAF,2014,5.22
South Africa,ZAF,2015,5.11
South Africa,ZAF,2016,4.92
South Africa,ZAF,2017,4.69
South Africa,ZAF,2018,4.4
South Africa,ZAF,2019,4.06
South America,,2000,6.095943
South America,,2001,5.8869243
South America,,2002,5.584003
South America,,2003,5.6058416
South America,,2004,5.088257
South America,,2005,4.594585
South America,,2006,4.2541704
South America,,2007,4.092673
South America,,2008,3.8501582
South America,,2009,3.7377973
South America,,2010,3.7881167
South America,,2011,3.639688
South America,,2012,3.4795089
South America,,2013,3.4916782
South America,,2014,3.2544558
South America,,2015,3.2265775
South America,,2016,3.2082517
South America,,2017,3.012077
South America,,2018,2.9933414
South America,,2019,3.1821382
South Korea,KOR,2000,0.65
South Korea,KOR,2001,0.47
South Korea,KOR,2002,0.22
South Korea,KOR,2003,0.14
South Korea,KOR,2004,0.13
South Korea,KOR,2005,0.18
South Korea,KOR,2006,0.11
South Korea,KOR,2007,0.14
South Korea,KOR,2008,0.13
South Korea,KOR,2009,0.12
South Korea,KOR,2010,0.14
South Korea,KOR,2011,0.13
South Korea,KOR,2012,0.13
South Korea,KOR,2013,0.14
South Korea,KOR,2014,0.13
South Korea,KOR,2015,0.17
South Korea,KOR,2016,0.19
South Korea,KOR,2017,0.24
South Korea,KOR,2018,0.2
South Korea,KOR,2019,0.17
South Sudan,SSD,2000,44.85
South Sudan,SSD,2001,41.28
South Sudan,SSD,2002,37.42
South Sudan,SSD,2003,34.47
South Sudan,SSD,2004,32.23
South Sudan,SSD,2005,30.34
South Sudan,SSD,2006,28.53
South Sudan,SSD,2007,25.55
South Sudan,SSD,2008,22.77
South Sudan,SSD,2009,19.57
South Sudan,SSD,2010,17.02
South Sudan,SSD,2011,15.46
South Sudan,SSD,2012,14.75
South Sudan,SSD,2013,14.06
South Sudan,SSD,2014,13.92
South Sudan,SSD,2015,14.4
South Sudan,SSD,2016,14.56
South Sudan,SSD,2017,14.36
South Sudan,SSD,2018,14.73
South Sudan,SSD,2019,14.95
Spain,ESP,2000,0.36
Spain,ESP,2001,0.34
Spain,ESP,2002,0.36
Spain,ESP,2003,0.31
Spain,ESP,2004,0.28
Spain,ESP,2005,0.31
Spain,ESP,2006,0.32
Spain,ESP,2007,0.32
Spain,ESP,2008,0.32
Spain,ESP,2009,0.34
Spain,ESP,2010,0.35
Spain,ESP,2011,0.36
Spain,ESP,2012,0.37
Spain,ESP,2013,0.3
Spain,ESP,2014,0.42
Spain,ESP,2015,0.58
Spain,ESP,2016,0.56
Spain,ESP,2017,0.66
Spain,ESP,2018,0.63
Spain,ESP,2019,0.65
Sri Lanka,LKA,2000,0.59
Sri Lanka,LKA,2001,0.52
Sri Lanka,LKA,2002,0.58
Sri Lanka,LKA,2003,0.63
Sri Lanka,LKA,2004,0.63
Sri Lanka,LKA,2005,0.59
Sri Lanka,LKA,2006,0.38
Sri Lanka,LKA,2007,0.74
Sri Lanka,LKA,2008,0.44
Sri Lanka,LKA,2009,0.37
Sri Lanka,LKA,2010,0.33
Sri Lanka,LKA,2011,0.14
Sri Lanka,LKA,2012,0.19
Sri Lanka,LKA,2013,0.2
Sri Lanka,LKA,2014,0.1
Sri Lanka,LKA,2015,0.17
Sri Lanka,LKA,2016,0.18
Sri Lanka,LKA,2017,0.18
Sri Lanka,LKA,2018,0.2
Sri Lanka,LKA,2019,0.2
Sudan,SDN,2000,8.67
Sudan,SDN,2001,8.23
Sudan,SDN,2002,7.72
Sudan,SDN,2003,7.03
Sudan,SDN,2004,6.9
Sudan,SDN,2005,6.45
Sudan,SDN,2006,6.15
Sudan,SDN,2007,5.67
Sudan,SDN,2008,5.61
Sudan,SDN,2009,5.31
Sudan,SDN,2010,4.97
Sudan,SDN,2011,4.64
Sudan,SDN,2012,4.23
Sudan,SDN,2013,4.09
Sudan,SDN,2014,4.35
Sudan,SDN,2015,4
Sudan,SDN,2016,3.59
Sudan,SDN,2017,3.47
Sudan,SDN,2018,2.97
Sudan,SDN,2019,2.54
Suriname,SUR,2000,3.26
Suriname,SUR,2001,2.88
Suriname,SUR,2002,2.99
Suriname,SUR,2003,2.73
Suriname,SUR,2004,2.4
Suriname,SUR,2005,2.45
Suriname,SUR,2006,2.23
Suriname,SUR,2007,1.9
Suriname,SUR,2008,2.2
Suriname,SUR,2009,2
Suriname,SUR,2010,1.87
Suriname,SUR,2011,1.68
Suriname,SUR,2012,1.86
Suriname,SUR,2013,2.12
Suriname,SUR,2014,1.83
Suriname,SUR,2015,1.93
Suriname,SUR,2016,2.02
Suriname,SUR,2017,2.12
Suriname,SUR,2018,2.21
Suriname,SUR,2019,2.27
Sweden,SWE,2000,0.75
Sweden,SWE,2001,0.83
Sweden,SWE,2002,0.9
Sweden,SWE,2003,0.64
Sweden,SWE,2004,0.6
Sweden,SWE,2005,0.69
Sweden,SWE,2006,0.88
Sweden,SWE,2007,0.73
Sweden,SWE,2008,0.61
Sweden,SWE,2009,0.52
Sweden,SWE,2010,0.48
Sweden,SWE,2011,0.56
Sweden,SWE,2012,0.65
Sweden,SWE,2013,0.75
Sweden,SWE,2014,0.93
Sweden,SWE,2015,0.88
Sweden,SWE,2016,1.03
Sweden,SWE,2017,1
Sweden,SWE,2018,1.3
Sweden,SWE,2019,1.17
Switzerland,CHE,2000,0.4
Switzerland,CHE,2001,0.38
Switzerland,CHE,2002,0.43
Switzerland,CHE,2003,0.37
Switzerland,CHE,2004,0.27
Switzerland,CHE,2005,0.19
Switzerland,CHE,2006,0.23
Switzerland,CHE,2007,0.34
Switzerland,CHE,2008,0.21
Switzerland,CHE,2009,0.36
Switzerland,CHE,2010,0.55
Switzerland,CHE,2011,0.51
Switzerland,CHE,2012,0.69
Switzerland,CHE,2013,0.86
Switzerland,CHE,2014,0.72
Switzerland,CHE,2015,1.07
Switzerland,CHE,2016,0.74
Switzerland,CHE,2017,0.8
Switzerland,CHE,2018,0.95
Switzerland,CHE,2019,0.98
Syria,SYR,2000,0.71
Syria,SYR,2001,0.74
Syria,SYR,2002,0.68
Syria,SYR,2003,0.56
Syria,SYR,2004,0.51
Syria,SYR,2005,0.46
Syria,SYR,2006,0.42
Syria,SYR,2007,0.41
Syria,SYR,2008,0.4
Syria,SYR,2009,0.37
Syria,SYR,2010,0.35
Syria,SYR,2011,0.35
Syria,SYR,2012,0.4
Syria,SYR,2013,0.5
Syria,SYR,2014,0.52
Syria,SYR,2015,0.45
Syria,SYR,2016,0.34
Syria,SYR,2017,0.41
Syria,SYR,2018,0.48
Syria,SYR,2019,0.42
Tajikistan,TJK,2000,1.35
Tajikistan,TJK,2001,1.36
Tajikistan,TJK,2002,1.29
Tajikistan,TJK,2003,1.19
Tajikistan,TJK,2004,1.08
Tajikistan,TJK,2005,0.87
Tajikistan,TJK,2006,0.67
Tajikistan,TJK,2007,0.54
Tajikistan,TJK,2008,0.43
Tajikistan,TJK,2009,0.33
Tajikistan,TJK,2010,0.25
Tajikistan,TJK,2011,0.19
Tajikistan,TJK,2012,0.13
Tajikistan,TJK,2013,0.09
Tajikistan,TJK,2014,0.06
Tajikistan,TJK,2015,0.04
Tajikistan,TJK,2016,0.03
Tajikistan,TJK,2017,0.03
Tajikistan,TJK,2018,0.03
Tajikistan,TJK,2019,0.03
Tanzania,TZA,2000,27.18
Tanzania,TZA,2001,24.26
Tanzania,TZA,2002,21.28
Tanzania,TZA,2003,19.8
Tanzania,TZA,2004,18.01
Tanzania,TZA,2005,16.8
Tanzania,TZA,2006,15.68
Tanzania,TZA,2007,15.13
Tanzania,TZA,2008,15.14
Tanzania,TZA,2009,14.81
Tanzania,TZA,2010,14.19
Tanzania,TZA,2011,13.68
Tanzania,TZA,2012,12.91
Tanzania,TZA,2013,13.57
Tanzania,TZA,2014,12.61
Tanzania,TZA,2015,11.76
Tanzania,TZA,2016,11.18
Tanzania,TZA,2017,10.57
Tanzania,TZA,2018,10.02
Tanzania,TZA,2019,9.61
Thailand,THA,2000,1.5
Thailand,THA,2001,1.26
Thailand,THA,2002,1.15
Thailand,THA,2003,1.05
Thailand,THA,2004,1.07
Thailand,THA,2005,1.05
Thailand,THA,2006,1.04
Thailand,THA,2007,1.02
Thailand,THA,2008,1.01
Thailand,THA,2009,1
Thailand,THA,2010,1
Thailand,THA,2011,1
Thailand,THA,2012,1.02
Thailand,THA,2013,1.07
Thailand,THA,2014,1.11
Thailand,THA,2015,1.15
Thailand,THA,2016,1.22
Thailand,THA,2017,1.28
Thailand,THA,2018,1.34
Thailand,THA,2019,1.38
Togo,TGO,2000,10.48
Togo,TGO,2001,9.41
Togo,TGO,2002,9.4
Togo,TGO,2003,8.64
Togo,TGO,2004,7.95
Togo,TGO,2005,7.23
Togo,TGO,2006,6.9
Togo,TGO,2007,6.43
Togo,TGO,2008,5.91
Togo,TGO,2009,5.58
Togo,TGO,2010,5.35
Togo,TGO,2011,5.26
Togo,TGO,2012,4.99
Togo,TGO,2013,4.65
Togo,TGO,2014,4.49
Togo,TGO,2015,4.25
Togo,TGO,2016,3.91
Togo,TGO,2017,3.7
Togo,TGO,2018,3.39
Togo,TGO,2019,3.14
Tonga,TON,2000,2.34
Tonga,TON,2001,2.39
Tonga,TON,2002,2.37
Tonga,TON,2003,2.34
Tonga,TON,2004,2.25
Tonga,TON,2005,2.22
Tonga,TON,2006,2.28
Tonga,TON,2007,2.33
Tonga,TON,2008,2.32
Tonga,TON,2009,2.28
Tonga,TON,2010,2.32
Tonga,TON,2011,2.39
Tonga,TON,2012,2.46
Tonga,TON,2013,2.49
Tonga,TON,2014,2.45
Tonga,TON,2015,2.37
Tonga,TON,2016,2.38
Tonga,TON,2017,2.38
Tonga,TON,2018,2.32
Tonga,TON,2019,2.19
Trinidad and Tobago,TTO,2000,2.85
Trinidad and Tobago,TTO,2001,2.57
Trinidad and Tobago,TTO,2002,2.1
Trinidad and Tobago,TTO,2003,2.39
Trinidad and Tobago,TTO,2004,2.21
Trinidad and Tobago,TTO,2005,1.85
Trinidad and Tobago,TTO,2006,1.73
Trinidad and Tobago,TTO,2007,1.56
Trinidad and Tobago,TTO,2008,1.63
Trinidad and Tobago,TTO,2009,1.47
Trinidad and Tobago,TTO,2010,1.47
Trinidad and Tobago,TTO,2011,1.24
Trinidad and Tobago,TTO,2012,1.2
Trinidad and Tobago,TTO,2013,1.25
Trinidad and Tobago,TTO,2014,1.23
Trinidad and Tobago,TTO,2015,1.2
Trinidad and Tobago,TTO,2016,1.21
Trinidad and Tobago,TTO,2017,1.22
Trinidad and Tobago,TTO,2018,1.2
Trinidad and Tobago,TTO,2019,1.19
Tunisia,TUN,2000,0.28
Tunisia,TUN,2001,0.26
Tunisia,TUN,2002,0.25
Tunisia,TUN,2003,0.26
Tunisia,TUN,2004,0.25
Tunisia,TUN,2005,0.24
Tunisia,TUN,2006,0.23
Tunisia,TUN,2007,0.23
Tunisia,TUN,2008,0.23
Tunisia,TUN,2009,0.22
Tunisia,TUN,2010,0.22
Tunisia,TUN,2011,0.22
Tunisia,TUN,2012,0.22
Tunisia,TUN,2013,0.21
Tunisia,TUN,2014,0.21
Tunisia,TUN,2015,0.2
Tunisia,TUN,2016,0.21
Tunisia,TUN,2017,0.21
Tunisia,TUN,2018,0.2
Tunisia,TUN,2019,0.2
Turkey,TUR,2000,0.75
Turkey,TUR,2001,0.69
Turkey,TUR,2002,0.61
Turkey,TUR,2003,0.56
Turkey,TUR,2004,0.51
Turkey,TUR,2005,0.46
Turkey,TUR,2006,0.45
Turkey,TUR,2007,0.46
Turkey,TUR,2008,0.48
Turkey,TUR,2009,0.48
Turkey,TUR,2010,0.47
Turkey,TUR,2011,0.52
Turkey,TUR,2012,0.56
Turkey,TUR,2013,0.63
Turkey,TUR,2014,0.67
Turkey,TUR,2015,0.68
Turkey,TUR,2016,0.71
Turkey,TUR,2017,0.72
Turkey,TUR,2018,0.71
Turkey,TUR,2019,0.71
Turkmenistan,TKM,2000,0.34
Turkmenistan,TKM,2001,0.31
Turkmenistan,TKM,2002,0.28
Turkmenistan,TKM,2003,0.25
Turkmenistan,TKM,2004,0.23
Turkmenistan,TKM,2005,0.24
Turkmenistan,TKM,2006,0.24
Turkmenistan,TKM,2007,0.22
Turkmenistan,TKM,2008,0.22
Turkmenistan,TKM,2009,0.19
Turkmenistan,TKM,2010,0.18
Turkmenistan,TKM,2011,0.17
Turkmenistan,TKM,2012,0.16
Turkmenistan,TKM,2013,0.16
Turkmenistan,TKM,2014,0.15
Turkmenistan,TKM,2015,0.13
Turkmenistan,TKM,2016,0.14
Turkmenistan,TKM,2017,0.14
Turkmenistan,TKM,2018,0.14
Turkmenistan,TKM,2019,0.13
Uganda,UGA,2000,22.91
Uganda,UGA,2001,23.08
Uganda,UGA,2002,21.02
Uganda,UGA,2003,20.08
Uganda,UGA,2004,21.05
Uganda,UGA,2005,19.2
Uganda,UGA,2006,17.16
Uganda,UGA,2007,15.7
Uganda,UGA,2008,14.79
Uganda,UGA,2009,14.3
Uganda,UGA,2010,13.77
Uganda,UGA,2011,13.42
Uganda,UGA,2012,12.46
Uganda,UGA,2013,11.62
Uganda,UGA,2014,11.09
Uganda,UGA,2015,10.37
Uganda,UGA,2016,9.93
Uganda,UGA,2017,8.96
Uganda,UGA,2018,8.21
Uganda,UGA,2019,7.49
Ukraine,UKR,2000,0.33
Ukraine,UKR,2001,0.29
Ukraine,UKR,2002,0.27
Ukraine,UKR,2003,0.25
Ukraine,UKR,2004,0.23
Ukraine,UKR,2005,0.21
Ukraine,UKR,2006,0.19
Ukraine,UKR,2007,0.19
Ukraine,UKR,2008,0.19
Ukraine,UKR,2009,0.17
Ukraine,UKR,2010,0.16
Ukraine,UKR,2011,0.15
Ukraine,UKR,2012,0.14
Ukraine,UKR,2013,0.12
Ukraine,UKR,2014,0.14
Ukraine,UKR,2015,0.12
Ukraine,UKR,2016,0.12
Ukraine,UKR,2017,0.12
Ukraine,UKR,2018,0.13
Ukraine,UKR,2019,0.12
United Arab Emirates,ARE,2000,0.06
United Arab Emirates,ARE,2001,0.06
United Arab Emirates,ARE,2002,0.06
United Arab Emirates,ARE,2003,0.05
United Arab Emirates,ARE,2004,0.05
United Arab Emirates,ARE,2005,0.05
United Arab Emirates,ARE,2006,0.05
United Arab Emirates,ARE,2007,0.04
United Arab Emirates,ARE,2008,0.04
United Arab Emirates,ARE,2009,0.04
United Arab Emirates,ARE,2010,0.03
United Arab Emirates,ARE,2011,0.03
United Arab Emirates,ARE,2012,0.03
United Arab Emirates,ARE,2013,0.03
United Arab Emirates,ARE,2014,0.03
United Arab Emirates,ARE,2015,0.03
United Arab Emirates,ARE,2016,0.03
United Arab Emirates,ARE,2017,0.03
United Arab Emirates,ARE,2018,0.03
United Arab Emirates,ARE,2019,0.03
United Kingdom,GBR,2000,0.1
United Kingdom,GBR,2001,0.13
United Kingdom,GBR,2002,0.15
United Kingdom,GBR,2003,0.14
United Kingdom,GBR,2004,0.13
United Kingdom,GBR,2005,0.13
United Kingdom,GBR,2006,0.16
United Kingdom,GBR,2007,0.16
United Kingdom,GBR,2008,0.14
United Kingdom,GBR,2009,0.17
United Kingdom,GBR,2010,0.14
United Kingdom,GBR,2011,0.13
United Kingdom,GBR,2012,0.14
United Kingdom,GBR,2013,0.14
United Kingdom,GBR,2014,0.15
United Kingdom,GBR,2015,0.16
United Kingdom,GBR,2016,0.16
United Kingdom,GBR,2017,0.16
United Kingdom,GBR,2018,0.17
United Kingdom,GBR,2019,0.17
United States,USA,2000,1.41
United States,USA,2001,1.23
United States,USA,2002,1.24
United States,USA,2003,1.11
United States,USA,2004,0.99
United States,USA,2005,1.04
United States,USA,2006,0.81
United States,USA,2007,0.9
United States,USA,2008,0.93
United States,USA,2009,0.89
United States,USA,2010,0.92
United States,USA,2011,0.98
United States,USA,2012,0.98
United States,USA,2013,1.04
United States,USA,2014,1.25
United States,USA,2015,1.58
United States,USA,2016,1.92
United States,USA,2017,2.36
United States,USA,2018,2.03
United States,USA,2019,2.06
Uruguay,URY,2000,1.92
Uruguay,URY,2001,2.4
Uruguay,URY,2002,1.82
Uruguay,URY,2003,1.92
Uruguay,URY,2004,2.59
Uruguay,URY,2005,1.69
Uruguay,URY,2006,1.66
Uruguay,URY,2007,2.13
Uruguay,URY,2008,1.71
Uruguay,URY,2009,2.22
Uruguay,URY,2010,2.28
Uruguay,URY,2011,2.17
Uruguay,URY,2012,2.52
Uruguay,URY,2013,2.31
Uruguay,URY,2014,2.07
Uruguay,URY,2015,2.66
Uruguay,URY,2016,2.35
Uruguay,URY,2017,1.35
Uruguay,URY,2018,2.09
Uruguay,URY,2019,2.11
Uzbekistan,UZB,2000,0.16
Uzbekistan,UZB,2001,0.13
Uzbekistan,UZB,2002,0.1
Uzbekistan,UZB,2003,0.08
Uzbekistan,UZB,2004,0.06
Uzbekistan,UZB,2005,0.06
Uzbekistan,UZB,2006,0.06
Uzbekistan,UZB,2007,0.05
Uzbekistan,UZB,2008,0.05
Uzbekistan,UZB,2009,0.05
Uzbekistan,UZB,2010,0.04
Uzbekistan,UZB,2011,0.04
Uzbekistan,UZB,2012,0.04
Uzbekistan,UZB,2013,0.04
Uzbekistan,UZB,2014,0.05
Uzbekistan,UZB,2015,0.04
Uzbekistan,UZB,2016,0.05
Uzbekistan,UZB,2017,0.04
Uzbekistan,UZB,2018,0.04
Uzbekistan,UZB,2019,0.04
Vanuatu,VUT,2000,3.35
Vanuatu,VUT,2001,3.68
Vanuatu,VUT,2002,3.18
Vanuatu,VUT,2003,3.08
Vanuatu,VUT,2004,2.92
Vanuatu,VUT,2005,2.75
Vanuatu,VUT,2006,3.06
Vanuatu,VUT,2007,2.86
Vanuatu,VUT,2008,2.79
Vanuatu,VUT,2009,3.22
Vanuatu,VUT,2010,3.33
Vanuatu,VUT,2011,3.8
Vanuatu,VUT,2012,3.88
Vanuatu,VUT,2013,3.96
Vanuatu,VUT,2014,3.84
Vanuatu,VUT,2015,3.6
Vanuatu,VUT,2016,3.67
Vanuatu,VUT,2017,3.57
Vanuatu,VUT,2018,3.47
Vanuatu,VUT,2019,3.34
Venezuela,VEN,2000,4.35
Venezuela,VEN,2001,4.45
Venezuela,VEN,2002,4.16
Venezuela,VEN,2003,4.74
Venezuela,VEN,2004,3.67
Venezuela,VEN,2005,2.52
Venezuela,VEN,2006,2.34
Venezuela,VEN,2007,2.19
Venezuela,VEN,2008,2.09
Venezuela,VEN,2009,1.83
Venezuela,VEN,2010,1.97
Venezuela,VEN,2011,1.77
Venezuela,VEN,2012,1.44
Venezuela,VEN,2013,1.5
Venezuela,VEN,2014,1.76
Venezuela,VEN,2015,1.51
Venezuela,VEN,2016,2.05
Venezuela,VEN,2017,2.1
Venezuela,VEN,2018,2.17
Venezuela,VEN,2019,2.21
Vietnam,VNM,2000,0.28
Vietnam,VNM,2001,0.26
Vietnam,VNM,2002,0.25
Vietnam,VNM,2003,0.24
Vietnam,VNM,2004,0.23
Vietnam,VNM,2005,0.22
Vietnam,VNM,2006,0.22
Vietnam,VNM,2007,0.21
Vietnam,VNM,2008,0.21
Vietnam,VNM,2009,0.2
Vietnam,VNM,2010,0.2
Vietnam,VNM,2011,0.19
Vietnam,VNM,2012,0.18
Vietnam,VNM,2013,0.17
Vietnam,VNM,2014,0.16
Vietnam,VNM,2015,0.15
Vietnam,VNM,2016,0.14
Vietnam,VNM,2017,0.13
Vietnam,VNM,2018,0.13
Vietnam,VNM,2019,0.12
World,OWID_WRL,2000,6.0708675
World,OWID_WRL,2001,5.732997
World,OWID_WRL,2002,5.4521356
World,OWID_WRL,2003,4.3856597
World,OWID_WRL,2004,4.072877
World,OWID_WRL,2005,3.872882
World,OWID_WRL,2006,3.7202194
World,OWID_WRL,2007,3.5997324
World,OWID_WRL,2008,3.4547262
World,OWID_WRL,2009,3.310953
World,OWID_WRL,2010,3.275368
World,OWID_WRL,2011,3.1646857
World,OWID_WRL,2012,3.0648386
World,OWID_WRL,2013,3.0206847
World,OWID_WRL,2014,2.9152827
World,OWID_WRL,2015,2.8705847
World,OWID_WRL,2016,2.838339
World,OWID_WRL,2017,2.8018649
World,OWID_WRL,2018,2.6867466
World,OWID_WRL,2019,2.5964642
Yemen,YEM,2000,9.82
Yemen,YEM,2001,9.79
Yemen,YEM,2002,9.05
Yemen,YEM,2003,7.86
Yemen,YEM,2004,6.95
Yemen,YEM,2005,6.58
Yemen,YEM,2006,6.1
Yemen,YEM,2007,5.98
Yemen,YEM,2008,5.51
Yemen,YEM,2009,4.98
Yemen,YEM,2010,4.47
Yemen,YEM,2011,4.35
Yemen,YEM,2012,4.26
Yemen,YEM,2013,4.21
Yemen,YEM,2014,4.02
Yemen,YEM,2015,3.9
Yemen,YEM,2016,3.78
Yemen,YEM,2017,3.63
Yemen,YEM,2018,3.46
Yemen,YEM,2019,3.62
Zambia,ZMB,2000,33.47
Zambia,ZMB,2001,31.83
Zambia,ZMB,2002,28.52
Zambia,ZMB,2003,28.52
Zambia,ZMB,2004,27.49
Zambia,ZMB,2005,26.12
Zambia,ZMB,2006,24.63
Zambia,ZMB,2007,22.87
Zambia,ZMB,2008,21.69
Zambia,ZMB,2009,20.37
Zambia,ZMB,2010,18.41
Zambia,ZMB,2011,17.8
Zambia,ZMB,2012,16.77
Zambia,ZMB,2013,16.22
Zambia,ZMB,2014,16.1
Zambia,ZMB,2015,15.08
Zambia,ZMB,2016,14.73
Zambia,ZMB,2017,14.5
Zambia,ZMB,2018,13.78
Zambia,ZMB,2019,12.86
Zimbabwe,ZWE,2000,10.43
Zimbabwe,ZWE,2001,10.6
Zimbabwe,ZWE,2002,10.34
Zimbabwe,ZWE,2003,10.8
Zimbabwe,ZWE,2004,12.19
Zimbabwe,ZWE,2005,13.25
Zimbabwe,ZWE,2006,14.74
Zimbabwe,ZWE,2007,16.59
Zimbabwe,ZWE,2008,20.6
Zimbabwe,ZWE,2009,22.46
Zimbabwe,ZWE,2010,22.8
Zimbabwe,ZWE,2011,22.74
Zimbabwe,ZWE,2012,22.91
Zimbabwe,ZWE,2013,22.54
Zimbabwe,ZWE,2014,21.09
Zimbabwe,ZWE,2015,20.16
Zimbabwe,ZWE,2016,19.54
Zimbabwe,ZWE,2017,17.18
Zimbabwe,ZWE,2018,17.38
Zimbabwe,ZWE,2019,16.41